psid,P4_ended
7lcq5mmvddx2qDgpjw1ipw**,2021-10-04T22:01:45Z
7lcq5mmvddxe3eIxWIF6Nw**,2021-10-04T22:11:29Z
7lcq5mmvddy4SfuNd8i_qw**,2021-10-04T22:17:55Z
7lcq5mmvddxIZ9upzu6cnw**,2021-10-04T22:13:41Z
7lcq5mmvddwtsfGpi7UhQg**,2021-10-04T22:20:46Z
7lcq5mmvddxIZjskG1IbpQ**,2021-10-04T22:23:33Z
7lcq5mmvddwv-U8Bowp0wg**,2021-10-04T22:25:42Z
7lcq5mmvddzDAKB5Idei2A**,2021-10-04T22:29:36Z
7lcq5mmvddxZS5BG0gk9Hg**,2021-10-04T22:33:10Z
7lcq5mmvddxJmFY56ulP5g**,2021-10-04T22:45:35Z
7lcq5mmvddzNBzqEW8DiuA**,2021-10-04T23:06:32Z
7lcq5mmvddwgUOpzXbkeYA**,2021-10-04T22:58:53Z
7lcq5mmvddyEx-NOfDCacw**,2021-10-04T22:59:03Z
7lcq5mmvddywuUQhgsl6cA**,2021-10-04T23:07:00Z
7lcq5mmvddw_PNqqwzCePw**,2021-10-04T23:10:39Z
7lcq5mmvddxNuCEP5Z0dfA**,2021-10-04T23:25:44Z
7lcq5mmvddyLFjc4aiB-dw**,2021-10-04T23:12:40Z
7lcq5mmvddzQutFEMibIVg**,2021-10-04T23:44:23Z
7lcq5mmvddwhgdRTYcvakQ**,2021-10-04T23:25:18Z
7lcq5mmvddwjfwOzz9m2XQ**,2021-10-04T23:37:56Z
7lcq5mmvddyG9SY3n5tE6g**,2021-10-04T23:21:09Z
7lcq5mmvddwG6CSM5cz82g**,2021-10-04T23:21:52Z
7lcq5mmvddx-KfxlkNeHaw**,2021-10-04T23:27:26Z
7lcq5mmvddwceLACNK1uqw**,2021-10-04T23:27:52Z
7lcq5mmvddzCmfkqvgp7Ag**,2021-10-04T23:38:00Z
7lcq5mmvddyqEE44HlnwPg**,2021-10-04T23:42:52Z
7lcq5mmvddylSKZL84Hjvw**,2021-10-04T23:45:26Z
7lcq5mmvddyw-WlG5rzWTg**,2021-10-04T23:47:46Z
7lcq5mmvddyRdUtTzti7Qg**,2021-10-04T23:54:53Z
7lcq5mmvddxTrJ0bYkdfjA**,2021-10-04T23:45:21Z
7lcq5mmvddxwLXHCUvLiuw**,2021-10-04T23:52:31Z
7lcq5mmvddyjdP9n3pszMQ**,2021-10-05T00:02:29Z
7lcq5mmvddxZShmmQb__uA**,2021-10-05T00:05:45Z
7lcq5mmvddz2fwXjDwSyxg**,2021-10-05T00:07:34Z
7lcq5mmvddygRiXsvKd_xg**,2021-10-05T00:06:55Z
7lcq5mmvddyIiQiYaaNTOw**,2021-10-05T00:23:17Z
7lcq5mmvddzLWwvH8273dw**,2021-10-05T00:25:55Z
7lcq5mmvddyqMZJVDYsGyQ**,2021-10-05T00:14:25Z
7lcq5mmvddxaA7bbc3E8zA**,2021-10-05T00:14:51Z
7lcq5mmvddxcumwGBrdJ7g**,2021-10-05T00:16:25Z
7lcq5mmvddzWZyZdzWMn0w**,2021-10-05T00:22:28Z
7lcq5mmvddyz2nWaDoki4w**,2021-10-05T00:20:59Z
7lcq5mmvddwdygKO-LRMdA**,2021-10-05T00:37:59Z
7lcq5mmvddyj9gkq-xPXOQ**,2021-10-05T00:26:14Z
7lcq5mmvddxC4sa4SCZUhg**,2021-10-05T00:24:40Z
7lcq5mmvddzBamfmJLCb8g**,2021-10-05T00:22:42Z
7lcq5mmvddzSf514KeZ0sw**,2021-10-05T00:27:02Z
7lcq5mmvddwyqgBLGDl1UA**,2021-10-05T00:34:15Z
7lcq5mmvddyhCVVaC6I9sQ**,2021-10-05T00:46:16Z
7lcq5mmvddxDWgSkIzRA0w**,2021-10-05T00:40:25Z
7lcq5mmvddz0OoJcStBvaA**,2021-10-05T00:34:16Z
7lcq5mmvddw2NkAhvUTU_w**,2021-10-05T00:37:01Z
7lcq5mmvddwfYPH0fPHsrw**,2021-10-05T00:39:23Z
7lcq5mmvddzRY0Q6QDLSyg**,2021-10-05T00:40:54Z
7lcq5mmvddxX54xlALNWOA**,2021-10-05T00:43:31Z
7lcq5mmvddyz691hrbczCw**,2021-10-05T00:54:46Z
7lcq5mmvddy8mLq-MeZFHw**,2021-10-05T00:44:42Z
7lcq5mmvddxHV23WKhQWiA**,2021-10-05T00:49:48Z
7lcq5mmvddx7yWtG8DgccQ**,2021-10-05T00:53:56Z
7lcq5mmvddxAilnn7aQZ5g**,2021-10-05T00:46:45Z
7lcq5mmvddw6T-JZDB0zDA**,2021-10-05T00:53:25Z
7lcq5mmvddzCYkIo01g3Sg**,2021-10-05T00:53:20Z
7lcq5mmvddxlv1QQrch9zA**,2021-10-05T00:56:52Z
7lcq5mmvddwugDTmEuGmkw**,2021-10-05T00:59:16Z
7lcq5mmvddzelTJgq4WfZQ**,2021-10-05T01:28:53Z
7lcq5mmvddyHPA214FyHKw**,2021-10-05T01:04:49Z
7lcq5mmvddxhHoJC0Ipo8w**,2021-10-05T01:01:35Z
7lcq5mmvddwEN9BRNbyr6Q**,2021-10-05T01:06:50Z
7lcq5mmvddxHGtSjmYUCVg**,2021-10-05T01:08:27Z
7lcq5mmvddyFlYiVhtLVNQ**,2021-10-05T01:05:52Z
7lcq5mmvddygcY3gDq3zDQ**,2021-10-05T01:12:36Z
7lcq5mmvddz0pYmpKxDG2A**,2021-10-05T01:07:27Z
7lcq5mmvddx0hKWfmJfiwQ**,2021-10-05T01:13:49Z
7lcq5mmvddwk5bshTujqzQ**,2021-10-05T01:38:04Z
7lcq5mmvddyi7TQKfDZJBg**,2021-10-05T01:29:47Z
7lcq5mmvddx2d2Z7bQGSUQ**,2021-10-05T01:21:28Z
7lcq5mmvddz2-7CjpMq3pQ**,2021-10-05T01:27:00Z
7lcq5mmvddx6i3KwD50YIg**,2021-10-05T01:26:52Z
7lcq5mmvddyfwkV7i_QldA**,2021-10-05T01:33:16Z
7lcq5mmvddxiOvKx-TfCxQ**,2021-10-05T01:32:59Z
7lcq5mmvddz766N_7zJB3A**,2021-10-05T01:28:58Z
7lcq5mmvddxwU4h92DS4wg**,2021-10-05T01:54:35Z
7lcq5mmvddzx4aNo4AvBsg**,2021-10-05T01:37:05Z
7lcq5mmvddxw59FwyYS-Sw**,2021-10-05T01:52:34Z
7lcq5mmvddyXA7JLHFON9Q**,2021-10-05T01:40:11Z
7lcq5mmvddw9oEUXS8vG0g**,2021-10-05T01:45:51Z
7lcq5mmvddytxYbMQpRYiA**,2021-10-05T01:47:15Z
7lcq5mmvddygeWtassKteg**,2021-10-05T01:46:46Z
7lcq5mmvddxuMTtwq6ShCQ**,2021-10-05T01:47:01Z
7lcq5mmvddxfOjwv5RRoDw**,2021-10-05T01:55:48Z
7lcq5mmvddzR42_MoJd0FA**,2021-10-05T01:59:25Z
7lcq5mmvddzunkF3LEapNg**,2021-10-05T02:13:18Z
7lcq5mmvddyaSpG5REH8hw**,2021-10-05T02:43:15Z
7lcq5mmvddyAlPtIOOBt9A**,2021-10-05T02:09:02Z
7lcq5mmvddx17aSs5oDv1g**,2021-10-05T02:12:22Z
7lcq5mmvddy6SlMn3Fhu3w**,2021-10-05T03:21:16Z
7lcq5mmvddy5ELH3ZTyysg**,2021-10-05T02:55:35Z
7lcq5mmvddxMTyWKGLHooA**,2021-10-05T02:19:03Z
7lcq5mmvddzzHGWRUQQWNQ**,2021-10-05T02:18:51Z
7lcq5mmvddzn4PePnBPGVg**,2021-10-05T02:24:53Z
7lcq5mmvddwF7dOvhzDB7w**,2021-10-05T02:19:37Z
7lcq5mmvddx3IE07pUvr4Q**,2021-10-05T02:28:41Z
7lcq5mmvddyIV6tNicPG-w**,2021-10-05T02:31:02Z
7lcq5mmvddwpS1bVy_JZyw**,2021-10-05T02:25:40Z
7lcq5mmvddyuHRBFUJ4JlA**,2021-10-05T02:27:45Z
7lcq5mmvddxShZ91kjRORw**,2021-10-05T02:31:44Z
7lcq5mmvddytXODfv1ObDA**,2021-10-05T02:29:54Z
7lcq5mmvddzAuiQqXbEZIA**,2021-10-05T02:27:51Z
7lcq5mmvddwYz7pcmPP4kg**,2021-10-05T02:29:58Z
7lcq5mmvddwYZIpB3fAaJQ**,2021-10-05T02:35:57Z
7lcq5mmvddzrrA6PJIaa2w**,2021-10-05T02:50:46Z
7lcq5mmvddz_VcdU3V4qIw**,2021-10-05T02:59:27Z
7lcq5mmvddyColfrsAv_nQ**,2021-10-05T02:39:28Z
7lcq5mmvddx1p78-fod68w**,2021-10-05T02:52:08Z
7lcq5mmvddwq6pQ5Z_2MdQ**,2021-10-05T02:51:25Z
7lcq5mmvddyc3DD-yYid-A**,2021-10-05T02:48:42Z
7lcq5mmvddwPz3yg-hU0ZA**,2021-10-05T02:46:42Z
7lcq5mmvddxuppKI1cOmGA**,2021-10-05T02:49:02Z
7lcq5mmvddwskyBHqwRw8Q**,2021-10-05T03:05:10Z
7lcq5mmvddyg2FWc1ctowQ**,2021-10-05T02:55:33Z
7lcq5mmvddxW-dSmh3SKgw**,2021-10-05T03:05:19Z
7lcq5mmvddx_bk72coj34w**,2021-10-05T03:03:06Z
7lcq5mmvddxrQn3ZPmglmA**,2021-10-05T03:43:25Z
7lcq5mmvddx6yW5JOu7-Gg**,2021-10-05T03:36:22Z
7lcq5mmvddxurhLBeLD4lg**,2021-10-05T03:26:09Z
7lcq5mmvddyna8CLo7i7pA**,2021-10-05T03:43:56Z
7lcq5mmvddz3tNus4Qnxkg**,2021-10-05T03:38:28Z
7lcq5mmvddx0LuOK7eiuRw**,2021-10-05T03:47:35Z
7lcq5mmvddzuI6q_mEwcCg**,2021-10-05T09:57:36Z
7lcq5mmvddynmmW-dgW9Yg**,2021-10-05T03:46:32Z
7lcq5mmvddzzBI_3IAuv1A**,2021-10-05T03:43:18Z
7lcq5mmvddyfRSg2cWtYig**,2021-10-05T03:36:37Z
7lcq5mmvddwXPBMUD_yIaw**,2021-10-05T03:45:53Z
7lcq5mmvddzfCHC58mTlMg**,2021-10-05T03:54:47Z
7lcq5mmvddxiC9CCZ-He8A**,2021-10-05T03:46:10Z
7lcq5mmvddxwh3VKTre1vQ**,2021-10-05T03:46:36Z
7lcq5mmvddxktger6XjShQ**,2021-10-05T03:54:10Z
7lcq5mmvddwpwAUkFfdmHw**,2021-10-05T04:09:48Z
7lcq5mmvddw20MR4Rk-QCw**,2021-10-05T05:15:45Z
7lcq5mmvddwzx2T5l424vw**,2021-10-05T03:58:01Z
7lcq5mmvddxBYIT_ziXsDQ**,2021-10-05T03:59:49Z
7lcq5mmvddzZV9CNodqkEQ**,2021-10-05T04:03:51Z
7lcq5mmvddydC65gHQ6bzQ**,2021-10-05T04:08:28Z
7lcq5mmvddwppiTGT53mOw**,2021-10-05T04:37:33Z
7lcq5mmvddw4jbBi8szOIw**,2021-10-05T04:41:54Z
7lcq5mmvddySkyjbfJk23Q**,2021-10-05T04:35:57Z
7lcq5mmvddx4VJAKaT8GTw**,2021-10-05T04:33:58Z
7lcq5mmvddyv55kKTUghIA**,2021-10-05T04:40:31Z
7lcq5mmvddxTARMkMWwyaA**,2021-10-05T04:42:03Z
7lcq5mmvddyP_8rhCzkNJQ**,2021-10-05T04:44:40Z
7lcq5mmvddwr04VDdl-EOA**,2021-10-05T04:48:56Z
7lcq5mmvddwpYdXb8lc_ig**,2021-10-05T05:49:44Z
7lcq5mmvddwS7rQxnbhV1Q**,2021-10-05T05:12:35Z
7lcq5mmvddwL7WNf1kY1Pg**,2021-10-05T05:15:42Z
7lcq5mmvddwNZSXryx-h3w**,2021-10-05T05:20:22Z
7lcq5mmvddyDe8ErJ7ym8Q**,2021-10-05T06:04:08Z
7lcq5mmvddznXgmLo2LGoA**,2021-10-05T05:32:26Z
7lcq5mmvddwOFVN-AU6u_w**,2021-10-05T06:24:01Z
7lcq5mmvddytJ6ACcGx8mA**,2021-10-05T05:51:37Z
7lcq5mmvddzBsXtaLe-TyA**,2021-10-05T20:03:39Z
7lcq5mmvddzXH744cLxVGg**,2021-10-05T06:16:37Z
7lcq5mmvddwH1ZEB8fUN-g**,2021-10-05T06:12:46Z
7lcq5mmvddwOGRTqkWpLNQ**,2021-10-05T06:39:45Z
7lcq5mmvddw4scijL4Qaug**,2021-10-05T06:28:46Z
7lcq5mmvddx88kB6IaMDTg**,2021-10-05T06:28:53Z
7lcq5mmvddxnANeAObI8Bg**,2021-10-05T06:46:24Z
7lcq5mmvddxo-JGX7POhWw**,2021-10-05T06:34:31Z
7lcq5mmvddxdrNE-k8BuHQ**,2021-10-05T06:46:04Z
7lcq5mmvddy2N_ZFyWoKlg**,2021-10-05T06:40:57Z
7lcq5mmvddzyn2tjh4XXQQ**,2021-10-05T06:56:29Z
7lcq5mmvddyPh9tyzaNe-g**,2021-10-05T07:08:46Z
7lcq5mmvddw3qGbA-P-itg**,2021-10-05T07:17:58Z
7lcq5mmvddwXpXt_hxMslQ**,2021-10-05T07:31:13Z
7lcq5mmvddzuf0rcmXtCeg**,2021-10-05T07:31:34Z
7lcq5mmvddyjSctOVUmD0A**,2021-10-05T07:47:44Z
7lcq5mmvddzDThQmLEeTSw**,2021-10-05T07:57:17Z
7lcq5mmvddyjA8NkJQ7sMA**,2021-10-05T08:12:03Z
7lcq5mmvddwvrp62TujjxA**,2021-10-05T08:21:57Z
7lcq5mmvddwPgyF6XFZIPw**,2021-10-05T08:22:11Z
7lcq5mmvddzBxv5OiH5k3A**,2021-10-05T08:20:46Z
7lcq5mmvddznCupmT-Nf-w**,2021-10-05T08:45:55Z
7lcq5mmvddy9z7ON9YZY9w**,2021-10-05T09:25:09Z
7lcq5mmvddxZRca8JkpZwQ**,2021-10-05T10:09:48Z
7lcq5mmvddyIrOk9vSH_0Q**,2021-10-05T10:18:33Z
7lcq5mmvddy7oF0UGozc5w**,2021-10-05T10:29:51Z
7lcq5mmvddw1r0VJrf9e2w**,2021-10-05T10:49:44Z
7lcq5mmvddxMTxzfbpjz7Q**,2021-10-05T10:47:18Z
7lcq5mmvddwtO6VC4WW82w**,2021-10-05T11:00:44Z
7lcq5mmvddy5w1YDXrSnmw**,2021-10-05T11:20:09Z
7lcq5mmvddwtk1L_r5Q7UQ**,2021-10-05T11:44:03Z
7lcq5mmvddymyREuqUukLw**,2021-10-05T12:05:56Z
7lcq5mmvddwoIWJyMgkX4w**,2021-10-05T12:48:38Z
7lcq5mmvddyiKQL4ydwdgA**,2021-10-05T12:57:13Z
7lcq5mmvddwiV1d8vwagig**,2021-10-05T13:03:19Z
7lcq5mmvddzc3jS9Tu10nw**,2021-10-05T17:57:34Z
7lcq5mmvddyWuZNRGy9o_A**,2021-10-05T17:47:29Z
7lcq5mmvddwjqsaU2NlM8g**,2021-10-05T17:51:24Z
7lcq5mmvddxk8V2e-UfU9A**,2021-10-05T17:51:31Z
7lcq5mmvddzmpRIaz9sYhA**,2021-10-05T17:53:20Z
7lcq5mmvddwfs3IbWYFyDw**,2021-10-05T18:02:33Z
7lcq5mmvddzFnW5mYNDSMg**,2021-10-05T20:06:28Z
7lcq5mmvddxjg7uL7oA__A**,2021-10-05T18:07:15Z
7lcq5mmvddxT5v-NKxCL5A**,2021-10-05T18:25:33Z
7lcq5mmvddxXITk5-dNLBA**,2021-10-05T18:24:56Z
7lcq5mmvddzhF9rZf9uASQ**,2021-10-05T18:46:28Z
7lcq5mmvddwg_YhcFf4ObQ**,2021-10-05T18:27:37Z
7lcq5mmvddy5ELRhP0nitw**,2021-10-05T18:32:23Z
7lcq5mmvddycnL_yPT-2Lw**,2021-10-05T18:43:56Z
7lcq5mmvddwoA7uZvmqGaw**,2021-10-05T18:40:47Z
7lcq5mmvddzcZznORazBxA**,2021-10-05T18:45:16Z
7lcq5mmvddznmfgO6W51FA**,2021-10-05T18:41:55Z
7lcq5mmvddyqnrhiXjqijQ**,2021-10-05T18:49:08Z
7lcq5mmvddwsXycbVZM2TQ**,2021-10-05T19:02:58Z
7lcq5mmvddzgx-OAEAj6_w**,2021-10-05T19:34:39Z
7lcq5mmvddwQopW9q8tZ4A**,2021-10-05T19:23:47Z
7lcq5mmvddw0hCybeCZkpQ**,2021-10-05T19:32:23Z
7lcq5mmvddzvUGRhN_nk5g**,2021-10-05T19:35:20Z
7lcq5mmvddxIskLuhCwdjA**,2021-10-05T19:37:09Z
7lcq5mmvddyKMepvQcuIBg**,2021-10-05T19:35:44Z
7lcq5mmvddwOD8LbGB2lbQ**,2021-10-05T20:32:35Z
7lcq5mmvddwHuV1W577wbA**,2021-10-05T19:37:41Z
7lcq5mmvddxd2unQn3JdNQ**,2021-10-05T19:38:41Z
7lcq5mmvddwjwDY20FDMgA**,2021-10-05T20:00:28Z
7lcq5mmvddyJZe2U8kmEqw**,2021-10-05T19:52:04Z
7lcq5mmvddzf4JMlK6mh7w**,2021-10-05T19:50:07Z
7lcq5mmvddy8SzQzN6TnuA**,2021-10-05T20:03:20Z
7lcq5mmvddzRvMoKlKUESA**,2021-10-05T20:05:38Z
7lcq5mmvddytmqy034CVag**,2021-10-05T19:57:02Z
7lcq5mmvddwm0uoVGt6gyQ**,2021-10-05T20:03:32Z
7lcq5mmvddwvvCigXxBieQ**,2021-10-05T20:19:41Z
7lcq5mmvddx-gxmJCv1c4w**,2021-10-05T20:29:40Z
7lcq5mmvddzaX77GoErR0Q**,2021-10-05T20:33:18Z
7lcq5mmvddwSQ2ARN9bUOQ**,2021-10-05T20:31:17Z
7lcq5mmvddxTHt9Sjhi2RQ**,2021-10-05T20:33:20Z
7lcq5mmvddweidyVbAughQ**,2021-10-05T20:36:03Z
7lcq5mmvddwqAIKL6hK57w**,2021-10-05T20:41:12Z
7lcq5mmvddxTxQ7Aji8Y4w**,2021-10-05T20:46:18Z
7lcq5mmvddzlCE4imhAOVw**,2021-10-05T20:53:00Z
7lcq5mmvddyUdq-_LgHkyw**,2021-10-05T20:49:49Z
7lcq5mmvddzZVKwwpO3DMg**,2021-10-05T21:07:42Z
7lcq5mmvddyTVgo_JODeFg**,2021-10-05T21:36:05Z
7lcq5mmvddz0bi7KIzUq4w**,2021-10-05T21:00:41Z
7lcq5mmvddxbwuWbu_KubA**,2021-10-05T21:01:01Z
7lcq5mmvddypjevvS0aFXA**,2021-10-05T21:23:36Z
7lcq5mmvddwrfF2gkc4Ljw**,2021-10-05T21:08:03Z
7lcq5mmvddyLpQTcPqnBzA**,2021-10-05T21:15:32Z
7lcq5mmvddxXytZzYQo2og**,2021-10-05T22:07:37Z
7lcq5mmvddyQeoqeNehddg**,2021-10-05T21:53:27Z
7lcq5mmvddz8OGDDj2yFMg**,2021-10-06T01:40:24Z
7lcq5mmvddx2PlO9IngtrA**,2021-10-05T21:33:32Z
7lcq5mmvddxpfin89tCFyQ**,2021-10-05T21:43:03Z
7lcq5mmvddzRUiz8KrRVFg**,2021-10-05T22:12:43Z
7lcq5mmvddxcMVWvWSoBRA**,2021-10-05T21:52:44Z
7lcq5mmvddzrKsrXvT7ndA**,2021-10-05T22:08:01Z
7lcq5mmvddzsRgnECLFEGw**,2021-10-05T21:55:37Z
7lcq5mmvddzGV5Nli5xd5Q**,2021-10-05T21:51:59Z
7lcq5mmvddwie-TbHRlDzg**,2021-10-05T22:05:16Z
7lcq5mmvddwqPYOKrnXExA**,2021-10-05T22:54:37Z
7lcq5mmvddzQuvSyTsHtog**,2021-10-05T22:04:50Z
7lcq5mmvddzPF1Xlq0MbDw**,2021-10-05T22:11:01Z
7lcq5mmvddxn747Dtf4rEA**,2021-10-05T22:08:23Z
7lcq5mmvddwx2-YNoewQKQ**,2021-10-05T22:28:47Z
7lcq5mmvddwMixoLkFv_fw**,2021-10-05T22:25:30Z
7lcq5mmvddxp1767ppdn0A**,2021-10-05T22:28:41Z
7lcq5mmvddwbF-AnGe1VTg**,2021-10-05T22:33:26Z
7lcq5mmvddychUR0BRInsQ**,2021-10-05T22:39:58Z
7lcq5mmvddw58Jy8j97ZEA**,2021-10-05T22:44:14Z
7lcq5mmvddwwjFHLUn1zzQ**,2021-10-05T22:47:35Z
7lcq5mmvddwFUN2pm30BiA**,2021-10-05T22:45:35Z
7lcq5mmvddwlLZxgZdIrgA**,2021-10-05T23:05:12Z
7lcq5mmvddzuvxaTMKL9SQ**,2021-10-05T23:00:43Z
7lcq5mmvddxLb7yW-Jqwnw**,2021-10-05T23:05:38Z
7lcq5mmvddzOa4lfK3fuEA**,2021-10-05T23:11:38Z
7lcq5mmvddyj0Uh0KukaYw**,2021-10-05T23:21:41Z
7lcq5mmvddzWvDX1uUFNwA**,2021-10-05T23:22:50Z
7lcq5mmvddxy7LcO3m6qbA**,2021-10-05T23:23:11Z
7lcq5mmvddzmtOWCsrolVg**,2021-10-05T23:26:18Z
7lcq5mmvddzg2ztnFDR_Iw**,2021-10-05T23:37:54Z
7lcq5mmvddy3A24hBunWQg**,2021-10-05T23:43:59Z
7lcq5mmvddzFYuWwxkBSBg**,2021-10-05T23:42:32Z
7lcq5mmvddxSpNQzAhjP-w**,2021-10-05T23:50:06Z
7lcq5mmvddwAzcxeigFwxw**,2021-10-06T00:03:37Z
7lcq5mmvddxTchyXv_ve8g**,2021-10-05T23:54:20Z
7lcq5mmvddwzEs66L_EEzQ**,2021-10-05T23:53:38Z
7lcq5mmvddzh3QFlK7s7SQ**,2021-10-05T23:59:10Z
7lcq5mmvddx79kZ1KpbQFw**,2021-10-06T00:13:32Z
7lcq5mmvddw88FNsOY8XTA**,2021-10-06T00:06:12Z
7lcq5mmvddxdlVXCS3XtGg**,2021-10-06T00:15:08Z
7lcq5mmvddw-K_wr6RUPMg**,2021-10-06T00:17:29Z
7lcq5mmvddyPOgKuBnqr4A**,2021-10-06T00:12:09Z
7lcq5mmvddytAoB3Ii65Vg**,2021-10-06T00:10:23Z
7lcq5mmvddy16biRlWE1ug**,2021-10-06T00:19:20Z
7lcq5mmvddzDuMPryicCeg**,2021-10-06T00:21:53Z
7lcq5mmvddwMxxFEZBG15A**,2021-10-06T00:26:11Z
7lcq5mmvddytE4ZSOoMzJg**,2021-10-06T00:24:04Z
7lcq5mmvddzxNCtug36jPg**,2021-10-06T00:35:05Z
7lcq5mmvddxciMSS66owxQ**,2021-10-06T00:39:57Z
7lcq5mmvddyDVdvVXq_fag**,2021-10-06T00:45:19Z
7lcq5mmvddwN_a649WJBzg**,2021-10-06T00:47:11Z
7lcq5mmvddylUDtESwsu4A**,2021-10-06T01:01:52Z
7lcq5mmvddy_erNxrera4w**,2021-10-06T01:13:11Z
7lcq5mmvddzi-mqvHpfGEw**,2021-10-06T01:03:33Z
7lcq5mmvddxq8m4y9JbwWQ**,2021-10-06T01:07:44Z
7lcq5mmvddxtAMln4-WMMw**,2021-10-06T01:05:38Z
7lcq5mmvddzrLjBkxJ63lQ**,2021-10-06T01:18:16Z
7lcq5mmvddwZTjTTiJKCmg**,2021-10-06T01:19:41Z
7lcq5mmvddzjymrO8wUwQA**,2021-10-06T01:23:09Z
7lcq5mmvddy18_4KOX1rAg**,2021-10-06T05:55:58Z
7lcq5mmvddz6-6Kz_p7Agg**,2021-10-06T01:43:51Z
7lcq5mmvddwz9bOljg5dOw**,2021-10-06T01:46:44Z
7lcq5mmvddwgCYcXvzb3-w**,2021-10-06T01:56:26Z
7lcq5mmvddzlqX5mOjjufA**,2021-10-06T01:59:52Z
7lcq5mmvddyFEMJ5UMIzHQ**,2021-10-06T02:01:14Z
7lcq5mmvddx1_SyWQTisSg**,2021-10-06T02:06:48Z
7lcq5mmvddxxznN84nc6wQ**,2021-10-06T02:26:20Z
7lcq5mmvddxBHpeo0ypAJA**,2021-10-06T02:35:16Z
7lcq5mmvddxIy4U-JLa58g**,2021-10-06T02:36:14Z
7lcq5mmvddymNClPgiX2HA**,2021-10-06T02:50:08Z
7lcq5mmvddzLPJkz8tx7BA**,2021-10-06T02:53:31Z
7lcq5mmvddzTauwK7M_EKQ**,2021-10-06T03:05:33Z
7lcq5mmvddwIpN35ntvkAg**,2021-10-06T03:26:33Z
7lcq5mmvddxs-waUZc2bwA**,2021-10-06T03:00:22Z
7lcq5mmvddwZrscLjecEVA**,2021-10-06T03:18:09Z
7lcq5mmvddwtS9VeLmzT3w**,2021-10-06T03:06:33Z
7lcq5mmvddxkC7VlNJHwUQ**,2021-10-06T03:13:05Z
7lcq5mmvddzIt-0jKAphAw**,2021-10-06T03:32:54Z
7lcq5mmvddzdtelX2Bv8XQ**,2021-10-06T03:27:37Z
7lcq5mmvddz-20Uk4qz4Pg**,2021-10-06T03:33:56Z
7lcq5mmvddzuCHhA0y1qVQ**,2021-10-06T03:58:43Z
7lcq5mmvddxbhRsUj0FAUQ**,2021-10-06T04:09:36Z
7lcq5mmvddywyZDwtu4IZQ**,2021-10-06T04:04:48Z
7lcq5mmvddzUQeFRdSglwA**,2021-10-06T04:13:58Z
7lcq5mmvddwujzYMbnEwtQ**,2021-10-06T04:14:56Z
7lcq5mmvddyad7N4P9N_7A**,2021-10-06T04:15:51Z
7lcq5mmvddx87-Q-z8If9Q**,2021-10-06T04:19:01Z
7lcq5mmvddyhoFSz06BJQQ**,2021-10-06T04:33:58Z
7lcq5mmvddy7-LNFjZwhLg**,2021-10-06T04:30:05Z
7lcq5mmvddzJyc3V_gFR5Q**,2021-10-06T04:46:31Z
7lcq5mmvddy8yZLgw71Ung**,2021-10-06T04:43:11Z
7lcq5mmvddxK5LQGRt-AqA**,2021-10-06T05:04:33Z
7lcq5mmvddyoazyacQGl6A**,2021-10-06T05:21:27Z
7lcq5mmvddwCBMU7kdAXuA**,2021-10-06T05:22:12Z
7lcq5mmvddzvTS-KoHiN9A**,2021-10-06T05:37:40Z
7lcq5mmvddwiTx2h65xIdw**,2021-10-06T05:43:46Z
7lcq5mmvddyPBrIQrE-THA**,2021-10-06T05:37:50Z
7lcq5mmvddy-kGMo_b2U0A**,2021-10-06T05:38:09Z
7lcq5mmvddxMgBwMb00AcQ**,2021-10-06T05:50:58Z
7lcq5mmvddzCwJ4-hIqJLg**,2021-10-06T05:46:03Z
7lcq5mmvddzTfo9UKBxbWw**,2021-10-06T05:54:51Z
7lcq5mmvddxcsqMvD0ibaQ**,2021-10-06T05:51:17Z
7lcq5mmvddy_KmqeghF8jg**,2021-10-06T06:00:31Z
7lcq5mmvddyz_iMmIDSdsg**,2021-10-06T05:55:05Z
7lcq5mmvddyMZU1qG333Ag**,2021-10-06T06:00:09Z
7lcq5mmvddzGOaczDqotSA**,2021-10-06T06:00:28Z
7lcq5mmvddz7KpOKIsadjw**,2021-10-06T06:04:20Z
7lcq5mmvddykcseZgg2hFQ**,2021-10-06T06:08:52Z
7lcq5mmvddyIcsGGF_cFIQ**,2021-10-06T06:19:03Z
7lcq5mmvddwuBjTYvR095w**,2021-10-06T06:29:27Z
7lcq5mmvddyd6M4O0BXXbg**,2021-10-06T06:25:21Z
7lcq5mmvddxyvV4BoTD0Zw**,2021-10-06T06:20:01Z
7lcq5mmvddyGEXcj699R3g**,2021-10-06T06:29:23Z
7lcq5mmvddx_yoVdrBc5Bw**,2021-10-06T06:23:57Z
7lcq5mmvddyKmYItnnpcWQ**,2021-10-06T06:37:06Z
7lcq5mmvddxNbKj2MLss1Q**,2021-10-06T06:33:48Z
7lcq5mmvddzjpvu_dfoGwg**,2021-10-06T06:39:09Z
7lcq5mmvddza7ropXO6c7Q**,2021-10-06T06:41:35Z
7lcq5mmvddxiJOCRiqswIw**,2021-10-06T06:50:47Z
7lcq5mmvddzdR_1YiFJSYw**,2021-10-06T07:03:55Z
7lcq5mmvddxJV9LC0Upotg**,2021-10-06T07:04:36Z
7lcq5mmvddztiLcfsGL8fg**,2021-10-06T07:15:28Z
7lcq5mmvddzpS3bKdeS3iA**,2021-10-06T07:22:44Z
7lcq5mmvddyiracPBHDR9w**,2021-10-06T07:18:18Z
7lcq5mmvddwCMQZ7ifOdFg**,2021-10-06T07:32:19Z
7lcq5mmvddz3jTElJMTFog**,2021-10-06T07:42:46Z
7lcq5mmvddz0NP26bbR5uw**,2021-10-06T07:59:47Z
7lcq5mmvddzUv4Iu49vBxg**,2021-10-06T08:01:13Z
7lcq5mmvddyEsBF5Uy_jEA**,2021-10-06T08:06:02Z
7lcq5mmvddw8_eNZeF_5hQ**,2021-10-06T08:16:15Z
7lcq5mmvddwlZU7OKMIu7Q**,2021-10-06T09:30:17Z
7lcq5mmvddyoZEtgtz1t7g**,2021-10-06T09:34:48Z
7lcq5mmvddyo4YM4Q3U1Tw**,2021-10-06T10:05:39Z
7lcq5mmvddyf5Bbo_DJRlw**,2021-10-06T10:17:51Z
7lcq5mmvddyubpBly3yUUA**,2021-10-06T10:16:40Z
7lcq5mmvddzI5hAN9DyHPQ**,2021-10-06T11:01:12Z
7lcq5mmvddxtL1hJu5SdWg**,2021-10-06T10:30:23Z
7lcq5mmvddzZobi6oolb9A**,2021-10-06T11:12:10Z
7lcq5mmvddw_kHrFbi7vUw**,2021-10-06T10:51:52Z
7lcq5mmvddzvezmtrX6V8g**,2021-10-06T11:20:04Z
7lcq5mmvddzVhSgQ7KMGyg**,2021-10-06T11:22:57Z
7lcq5mmvddxCfvwgMYdr9A**,2021-10-06T11:37:54Z
7lcq5mmvddypxyHsIul8Dg**,2021-10-06T12:19:13Z
7lcq5mmvddz14Ly05DVIaw**,2021-10-06T11:54:26Z
7lcq5mmvddzpsvox9cPu2Q**,2021-10-06T13:02:50Z
7lcq5mmvddyZzMNHcUrjng**,2021-10-06T12:12:47Z
7lcq5mmvddzrxdwZKkN7Og**,2021-10-06T12:46:58Z
7lcq5mmvddzqoHeQabV3Ig**,2021-10-06T12:14:12Z
7lcq5mmvddy3SMSEyaUDNw**,2021-10-06T12:29:25Z
7lcq5mmvddx7SadeihZ2Xw**,2021-10-06T12:26:15Z
7lcq5mmvddzWZ_ssJimu1Q**,2021-10-06T12:27:33Z
7lcq5mmvddwpCi61V7QwPg**,2021-10-06T13:13:58Z
7lcq5mmvddxsQhFNSvvRPw**,2021-10-06T12:41:28Z
7lcq5mmvddzMsmEuCURVXQ**,2021-10-06T12:47:06Z
7lcq5mmvddzRUtnmleWS2g**,2021-10-06T12:44:19Z
7lcq5mmvddyprOcGzmKOBQ**,2021-10-06T12:50:11Z
7lcq5mmvddzAS45hGtzBmw**,2021-10-06T13:02:19Z
7lcq5mmvddw1dYPcnFgZsw**,2021-10-06T13:05:24Z
7lcq5mmvddxYr897kl8CUg**,2021-10-06T13:17:18Z
7lcq5mmvddzej_OB3odK-g**,2021-10-06T13:06:11Z
7lcq5mmvddwcwo7bMwxc_Q**,2021-10-06T13:12:13Z
7lcq5mmvddyBKT52J0oHrA**,2021-10-06T13:15:03Z
7lcq5mmvddyymKmH9ybL2g**,2021-10-06T13:27:24Z
7lcq5mmvddwhU3dNPXbHKw**,2021-10-06T13:38:33Z
7lcq5mmvddykCujyJ7gHWA**,2021-10-06T14:20:39Z
7lcq5mmvddz_XPTEmSNfEg**,2021-10-06T13:43:06Z
7lcq5mmvddwyXmXU3fJMiw**,2021-10-06T13:39:25Z
7lcq5mmvddwYc37CtjWOzw**,2021-10-06T14:23:53Z
7lcq5mmvddyJVsXChikaoQ**,2021-10-06T13:47:20Z
7lcq5mmvddxIt0c9WpxAYA**,2021-10-06T13:53:28Z
7lcq5mmvddwzlPhG6vBjjg**,2021-10-06T14:02:12Z
7lcq5mmvddzAexf1csPAHg**,2021-10-06T14:00:04Z
7lcq5mmvddz3Xxs54ynslA**,2021-10-06T14:08:43Z
7lcq5mmvddzsLilWcMCOFA**,2021-10-06T22:27:01Z
7lcq5mmvddwY9K-cUxlsUQ**,2021-10-06T14:49:28Z
7lcq5mmvddy5P7JC_qyJHQ**,2021-10-06T14:25:57Z
7lcq5mmvddx5ORHA2U4P7w**,2021-10-06T14:22:56Z
7lcq5mmvddzaEWR-mRJzjg**,2021-10-06T14:30:47Z
7lcq5mmvddwDQLnlmT9DGQ**,2021-10-06T14:34:18Z
7lcq5mmvddxzZ8swQSpHyA**,2021-10-06T14:37:36Z
7lcq5mmvddz60ZDV9kjHrQ**,2021-10-06T14:42:27Z
7lcq5mmvddzFleVb4Sy21Q**,2021-10-06T15:00:19Z
7lcq5mmvddw5YdmRer3LNA**,2021-10-06T15:45:48Z
7lcq5mmvddz8t0ZEposf7w**,2021-10-06T15:37:44Z
7lcq5mmvddyYDJ5VOBZMHA**,2021-10-06T16:13:12Z
7lcq5mmvddy7b8hdxR_RVw**,2021-10-06T15:45:54Z
7lcq5mmvddztkrLRCUTljw**,2021-10-06T18:22:31Z
7lcq5mmvddyX5UM0DS2yxQ**,2021-10-06T15:48:30Z
7lcq5mmvddyQdt69tP_r4A**,2021-10-06T16:19:38Z
7lcq5mmvddxTNG56YjKhEg**,2021-10-06T16:03:56Z
7lcq5mmvddzgKyIj0gq7Eg**,2021-10-06T16:08:44Z
7lcq5mmvddzWDsmKdKtyJg**,2021-10-06T16:16:01Z
7lcq5mmvddysGabxwJQXbw**,2021-10-06T16:09:39Z
7lcq5mmvddxaZyKjluRdOw**,2021-10-06T16:27:41Z
7lcq5mmvddxd4svt7WDKtw**,2021-10-06T16:31:38Z
7lcq5mmvddzqVc3tWBfEDg**,2021-10-06T16:47:25Z
7lcq5mmvddz5ohGhgNbesg**,2021-10-06T16:47:17Z
7lcq5mmvddygcAAfrSHL1A**,2021-10-06T16:45:24Z
7lcq5mmvddyLpfhiP2aIZA**,2021-10-06T16:53:52Z
7lcq5mmvddx4EhhO9TLNOA**,2021-10-06T17:04:47Z
7lcq5mmvddyfDJSF4VE34Q**,2021-10-06T17:10:01Z
7lcq5mmvddzIZK4EmLRaXQ**,2021-10-06T17:18:56Z
7lcq5mmvddxTbAskCi9LHQ**,2021-10-06T17:30:33Z
7lcq5mmvddxgmTPTtIXexA**,2021-10-06T17:20:00Z
7lcq5mmvddxtg2O-CcMxlA**,2021-10-06T17:21:34Z
7lcq5mmvddz2DCgNx_P7Zg**,2021-10-06T17:34:55Z
7lcq5mmvddy5k4r4tp4xsw**,2021-10-06T17:36:27Z
7lcq5mmvddzmLm8CEyXR-w**,2021-10-06T17:46:46Z
7lcq5mmvddx_9FyVEZXcnA**,2021-10-06T18:02:55Z
7lcq5mmvddytftmzC0kkLQ**,2021-10-06T18:11:08Z
7lcq5mmvddyYOErsrOjh5w**,2021-10-06T18:14:06Z
7lcq5mmvddwenoxxTgjZvA**,2021-10-06T18:22:47Z
7lcq5mmvddx4QRNMIDijfw**,2021-10-06T18:30:10Z
7lcq5mmvddwKspDoaDu-mw**,2021-10-06T18:44:45Z
7lcq5mmvddzQyF5NjJ-oCA**,2021-10-06T18:56:08Z
7lcq5mmvddxf-rhLp8Fxug**,2021-10-06T19:03:08Z
7lcq5mmvddxwUGzBt7Ggjw**,2021-10-06T19:02:49Z
7lcq5mmvddye-7d-JiMfDQ**,2021-10-06T19:25:57Z
7lcq5mmvddxc7O9dbk4XVA**,2021-10-06T19:34:07Z
7lcq5mmvddyguod4QGxRJA**,2021-10-06T19:36:34Z
7lcq5mmvddxaTI2nJoHD8Q**,2021-10-06T19:49:20Z
7lcq5mmvddwyMN4NZGkZRw**,2021-10-06T19:53:45Z
7lcq5mmvddwP5ePhJ53yAQ**,2021-10-06T20:48:36Z
7lcq5mmvddxX9xhP_nOv9Q**,2021-10-06T20:22:24Z
7lcq5mmvddz9TJIGXaXG-Q**,2021-10-06T20:23:01Z
7lcq5mmvddy5DZxRVDrMcw**,2021-10-06T20:37:30Z
7lcq5mmvddyW-mJswMjp4A**,2021-10-06T20:35:01Z
7lcq5mmvddzaAk4oapbOaQ**,2021-10-06T20:54:54Z
7lcq5mmvddzZ39OhfxzuUA**,2021-10-06T20:52:27Z
7lcq5mmvddxlV1TKnS1KnA**,2021-10-06T20:56:21Z
7lcq5mmvddymGj2pyLBfzA**,2021-10-06T20:57:55Z
7lcq5mmvddy52DQUWPTbyg**,2021-10-06T21:09:11Z
7lcq5mmvddxg3qmqGQoEGg**,2021-10-06T21:35:36Z
7lcq5mmvddwsBqjzOkxpxQ**,2021-10-06T21:11:14Z
7lcq5mmvddxgcNoB0YEiJw**,2021-10-06T21:20:00Z
7lcq5mmvddwW2wNJIFDUQQ**,2021-10-06T21:21:36Z
7lcq5mmvddy5oOaJqGFHGA**,2021-10-06T21:36:53Z
7lcq5mmvddx1l78GV28TSQ**,2021-10-06T21:35:51Z
7lcq5mmvddyMacnHYHZF0Q**,2021-10-06T21:55:28Z
7lcq5mmvddzvJ1_TLiG68w**,2021-10-06T21:34:20Z
7lcq5mmvddxddnwP-TYY2w**,2021-10-06T21:48:59Z
7lcq5mmvddxJGzGTfkPbPA**,2021-10-06T21:45:16Z
7lcq5mmvddwTP9d8el4gsw**,2021-10-06T22:07:22Z
7lcq5mmvddwjP1vWCuDISw**,2021-10-06T22:06:09Z
7lcq5mmvddzA6E9xoaOaFg**,2021-10-06T22:17:35Z
7lcq5mmvddxhXlm4jBbpjA**,2021-10-06T22:17:25Z
7lcq5mmvddypTNoHt34lxA**,2021-10-06T22:17:10Z
7lcq5mmvddwKNfuXUeoDDg**,2021-10-06T22:27:43Z
7lcq5mmvddw5lWXzrUXCDQ**,2021-10-06T22:41:53Z
7lcq5mmvddy32_JFX5-Usg**,2021-10-06T22:38:33Z
7lcq5mmvddwGjenVjPS62g**,2021-10-06T22:44:33Z
7lcq5mmvddznVBNPWWfo7Q**,2021-10-06T22:53:37Z
7lcq5mmvddxTgV_kG0E3Cg**,2021-10-06T23:28:47Z
7lcq5mmvddyO5Zcy9GzZBw**,2021-10-06T22:47:32Z
7lcq5mmvddyG3PDo6B4ZZA**,2021-10-06T23:02:07Z
7lcq5mmvddx7IswsscWgBg**,2021-10-06T23:44:53Z
7lcq5mmvddxTKwXd466fBA**,2021-10-06T23:54:00Z
7lcq5mmvddxf2XdwaVwnyA**,2021-10-06T23:56:10Z
7lcq5mmvddxlbwAyBexEIw**,2021-10-06T23:58:21Z
7lcq5mmvddyVMLXaOUc1QQ**,2021-10-07T00:23:30Z
7lcq5mmvddwNc02NN2B-gg**,2021-10-07T00:26:59Z
7lcq5mmvddzrP_XjrZZDzw**,2021-10-07T00:58:42Z
7lcq5mmvddzidp9SyhWn6Q**,2021-10-07T01:07:21Z
7lcq5mmvddxE9rfI6z52gA**,2021-10-07T01:57:05Z
7lcq5mmvddyGX_2ATz2K1Q**,2021-10-07T01:02:09Z
7lcq5mmvddwPNtrbdU3qgA**,2021-10-07T01:07:20Z
7lcq5mmvddyOEHA-oTXH8Q**,2021-10-07T01:26:58Z
7lcq5mmvddyXOd7KTpEEKQ**,2021-10-07T03:54:03Z
7lcq5mmvddzerH8xzIlV2g**,2021-10-07T04:56:05Z
7lcq5mmvddzF3uzgwgMWoQ**,2021-10-07T01:50:24Z
7lcq5mmvddxtiEbNoItDvw**,2021-10-07T01:47:50Z
7lcq5mmvddzwx-VhkLgCZA**,2021-10-07T02:11:25Z
7lcq5mmvddxWqXF9lvbP2A**,2021-10-07T02:11:30Z
7lcq5mmvddyXkSD84Vc_Zw**,2021-10-07T02:46:40Z
7lcq5mmvddx7TtaYPysHRw**,2021-10-07T02:35:12Z
7lcq5mmvddyqRrGEuaCfiw**,2021-10-07T02:44:01Z
7lcq5mmvddxvsmklFfVZ7g**,2021-10-07T02:38:35Z
7lcq5mmvddwsLw_K9s8vkg**,2021-10-07T02:38:10Z
7lcq5mmvddwnlm0-IE0ZqA**,2021-10-07T03:02:29Z
7lcq5mmvddwLFKJCbA0WbA**,2021-10-07T02:50:25Z
7lcq5mmvddzWlgLI4cb9Jw**,2021-10-07T02:50:03Z
7lcq5mmvddwiHYYyMKgfSA**,2021-10-07T03:02:15Z
7lcq5mmvddyBQI8JvYHUdQ**,2021-10-07T03:13:39Z
7lcq5mmvddzoRLxjJOIruA**,2021-10-07T03:21:00Z
7lcq5mmvddweGyxOMSSFqw**,2021-10-07T03:26:21Z
7lcq5mmvddyVKxAjp1TMDg**,2021-10-07T03:28:40Z
7lcq5mmvddyOtYiOgwFagg**,2021-10-07T03:29:36Z
7lcq5mmvddz8nvp7ccFG1A**,2021-10-07T03:32:16Z
7lcq5mmvddwW8iEoMCCQLQ**,2021-10-07T03:39:24Z
7lcq5mmvddzirZLS4ekEaw**,2021-10-07T03:42:28Z
7lcq5mmvddzPDNxsjGbVPA**,2021-10-07T04:11:38Z
7lcq5mmvddyKLz-7ftMjMg**,2021-10-07T03:52:40Z
7lcq5mmvddzKYmGpHnq3gw**,2021-10-07T03:58:06Z
7lcq5mmvddw6C9w4iMl3Uw**,2021-10-07T04:00:20Z
7lcq5mmvddyPZcbttCUxSw**,2021-10-07T04:04:11Z
7lcq5mmvddzgjB5WHbmLvg**,2021-10-07T04:07:19Z
7lcq5mmvddwAvNrFq8EqGA**,2021-10-07T04:15:27Z
7lcq5mmvddzi04nBEtePSw**,2021-10-07T04:19:03Z
7lcq5mmvddw4l-03Scw-Kg**,2021-10-07T04:24:11Z
7lcq5mmvddxANUJjcoN04A**,2021-10-07T04:31:18Z
7lcq5mmvddylYtrKTXGxog**,2021-10-07T04:38:41Z
7lcq5mmvddzssRgch9pMtg**,2021-10-07T04:32:16Z
7lcq5mmvddx_2r4GZlalUw**,2021-10-07T04:40:38Z
7lcq5mmvddwK7_LK3rqIOA**,2021-10-07T04:46:20Z
7lcq5mmvddxHbVVgaCcsoQ**,2021-10-07T04:42:24Z
7lcq5mmvddzIXsEfAyzAaQ**,2021-10-07T04:54:41Z
7lcq5mmvddwryJIe0RZXjA**,2021-10-07T04:47:51Z
7lcq5mmvddzWLsF9zR2_Gg**,2021-10-07T04:54:18Z
7lcq5mmvddydGJ3s5sAkew**,2021-10-07T05:03:15Z
7lcq5mmvddygcCtfl2lwfg**,2021-10-07T04:57:41Z
7lcq5mmvddz7iA05pM2UBw**,2021-10-07T05:06:22Z
7lcq5mmvddwTExIQJRVQ4Q**,2021-10-07T05:30:59Z
7lcq5mmvddxdhAwudB7xRA**,2021-10-07T05:11:45Z
7lcq5mmvddxp7GDICdZQOw**,2021-10-07T05:32:03Z
7lcq5mmvddxsg9wmgFFNrA**,2021-10-07T05:33:33Z
7lcq5mmvddykDLTAvmw6rA**,2021-10-07T05:30:31Z
7lcq5mmvddzTOcgX87xH7A**,2021-10-07T05:33:30Z
7lcq5mmvddzxsImE77TbXQ**,2021-10-07T05:35:06Z
7lcq5mmvddy0GZUr3pYKLw**,2021-10-07T05:40:25Z
7lcq5mmvddwlLYtI4COH3g**,2021-10-07T05:34:55Z
7lcq5mmvddwWSwkcHHZhQA**,2021-10-07T05:45:42Z
7lcq5mmvddzpkGd2y_akMA**,2021-10-07T05:47:04Z
7lcq5mmvddzdfvoRocnPmQ**,2021-10-07T05:47:11Z
7lcq5mmvddz0baa6KR1mEg**,2021-10-07T05:50:30Z
7lcq5mmvddy_UVecj3Fqqw**,2021-10-07T06:16:26Z
7lcq5mmvddyGQmc2Ww2OiA**,2021-10-07T06:28:37Z
7lcq5mmvddw88qoKdAJ6vg**,2021-10-07T06:25:58Z
7lcq5mmvddz4J89Q2E1azA**,2021-10-07T06:53:16Z
7lcq5mmvddzLvrM36CgmzQ**,2021-10-07T06:59:10Z
7lcq5mmvddzIOe29bzQRmA**,2021-10-07T07:22:13Z
7lcq5mmvddzmoxUHK6hWbA**,2021-10-07T07:18:21Z
7lcq5mmvddzvekolIA1izQ**,2021-10-07T07:29:57Z
7lcq5mmvddx031YOzuzQ-g**,2021-10-07T07:38:54Z
7lcq5mmvddxFge6ApSmRcQ**,2021-10-07T07:46:48Z
7lcq5mmvddyi-Hzc5fIqAw**,2021-10-07T08:08:58Z
7lcq5mmvddwEjzarr7P25g**,2021-10-07T08:14:27Z
7lcq5mmvddxdoSXqulX2uw**,2021-10-07T08:32:49Z
7lcq5mmvddwgKroj28HkDQ**,2021-10-07T08:59:57Z
7lcq5mmvddwH789_Z61fsg**,2021-10-07T09:10:28Z
7lcq5mmvddx9ttMXA0MhvA**,2021-10-07T09:24:53Z
7lcq5mmvddxiLmL8Cd6HjQ**,2021-10-07T09:24:41Z
7lcq5mmvddwrnsvu38tJTg**,2021-10-07T09:28:56Z
7lcq5mmvddw1VKmCxRIlPg**,2021-10-07T09:53:11Z
7lcq5mmvddwyXN1d6j6YvQ**,2021-10-07T09:59:13Z
7lcq5mmvddz9c1k9qCImyw**,2021-10-07T10:03:40Z
7lcq5mmvddysREAOIGLuuw**,2021-10-07T10:23:37Z
7lcq5mmvddxDfpZqpTEHmA**,2021-10-07T10:23:51Z
7lcq5mmvddwKCAFoPcKGZw**,2021-10-07T10:22:46Z
7lcq5mmvddxznkVTZXviGQ**,2021-10-07T10:40:09Z
7lcq5mmvddx-7ClzZjEoOQ**,2021-10-07T10:49:59Z
7lcq5mmvddz34HzyCZYklQ**,2021-10-07T10:49:19Z
7lcq5mmvddz6gFNK0qN_dQ**,2021-10-07T11:03:00Z
7lcq5mmvddyUMtqvTzXvvw**,2021-10-07T11:01:05Z
7lcq5mmvddw7G6oGwn74Qw**,2021-10-07T11:17:53Z
7lcq5mmvddzOA1DIe7JXRQ**,2021-10-07T11:43:49Z
7lcq5mmvddyem7PsQz_2mA**,2021-10-07T11:57:14Z
7lcq5mmvddwZaexbfGj7EA**,2021-10-07T11:57:50Z
7lcq5mmvddzepyvXZ676cw**,2021-10-07T12:22:33Z
7lcq5mmvddzmRGQcOvE5cw**,2021-10-07T12:25:25Z
7lcq5mmvddyXw7EqcwnQmw**,2021-10-07T12:26:34Z
7lcq5mmvddzYD4iGG7QIZA**,2021-10-07T12:40:47Z
7lcq5mmvddz6T4vMBKgzJQ**,2021-10-07T12:45:17Z
7lcq5mmvddxGcaHfNa3uxg**,2021-10-07T12:58:12Z
7lcq5mmvddzS4urNuW1ALw**,2021-10-07T12:57:19Z
7lcq5mmvddxAnHswkW7DiA**,2021-10-07T13:04:42Z
7lcq5mmvddwUhPdnRATliA**,2021-10-07T13:13:20Z
7lcq5mmvddzPtbr3HVR7Cw**,2021-10-07T13:16:25Z
7lcq5mmvddwVtYqa37VjSA**,2021-10-07T13:21:45Z
7lcq5mmvddybUsa4_ZkWww**,2021-10-07T13:18:02Z
7lcq5mmvddxUBg2ktAbHoA**,2021-10-07T13:26:47Z
7lcq5mmvddzf2cs93jEZlQ**,2021-10-07T13:25:21Z
7lcq5mmvddxn8FkrKxTCNQ**,2021-10-07T13:29:23Z
7lcq5mmvddy0bovGoObr-w**,2021-10-07T13:36:50Z
7lcq5mmvddyfvbCiWGbNPQ**,2021-10-07T13:36:23Z
7lcq5mmvddzhu_uM1kGMEg**,2021-10-07T13:41:07Z
7lcq5mmvddwSHApxgwbGmA**,2021-10-07T13:47:15Z
7lcq5mmvddzOWgG7U8x0wg**,2021-10-07T13:43:16Z
7lcq5mmvddzaUuKexvwbdg**,2021-10-07T13:48:09Z
7lcq5mmvddzB7xw4wgQSRA**,2021-10-07T14:01:14Z
7lcq5mmvddy-C-EQt-5ayg**,2021-10-07T14:04:23Z
7lcq5mmvddzcn34lZH_Scw**,2021-10-07T14:02:47Z
7lcq5mmvddyaO5jZvaztew**,2021-10-07T14:14:12Z
7lcq5mmvddy5eWUzFXNOAw**,2021-10-07T14:18:15Z
7lcq5mmvddxD0mZ6ZzPFhQ**,2021-10-07T14:26:20Z
7lcq5mmvddwIVfEYl7nfXg**,2021-10-07T14:29:12Z
7lcq5mmvddx89KRtyyCbTg**,2021-10-07T14:31:12Z
7lcq5mmvddzJ4x07L9L6fQ**,2021-10-07T14:38:09Z
7lcq5mmvddzsmqdZ_QMl9g**,2021-10-07T14:35:36Z
7lcq5mmvddxvFMrodGArkw**,2021-10-07T14:58:08Z
7lcq5mmvddxiLm4RhmbSAQ**,2021-10-07T15:02:32Z
7lcq5mmvddyPoflKF-wjSQ**,2021-10-07T15:04:00Z
7lcq5mmvddxI5CyFTG3OBg**,2021-10-07T15:16:54Z
7lcq5mmvddz4y2lNQpEPvg**,2021-10-07T15:22:57Z
7lcq5mmvddxl9JDSBsCS9Q**,2021-10-07T15:24:33Z
7lcq5mmvddyPqSEszm-1yQ**,2021-10-07T15:28:31Z
7lcq5mmvddwu2jjMZOgd8A**,2021-10-07T15:25:55Z
7lcq5mmvddx4Y_oJLcpE8Q**,2021-10-07T15:40:38Z
7lcq5mmvddxgrIH8ESPgyQ**,2021-10-07T15:52:23Z
7lcq5mmvddxdAeuOnMxOcw**,2021-10-07T15:48:51Z
7lcq5mmvddzb088WSSw58w**,2021-10-07T15:52:01Z
7lcq5mmvddz4EjJjRqh4xw**,2021-10-07T15:52:32Z
7lcq5mmvddw4oDIMkHay3g**,2021-10-07T16:12:24Z
7lcq5mmvddwjwdMX72mlBg**,2021-10-07T15:58:48Z
7lcq5mmvddzNpTxjp7ZS-Q**,2021-10-07T16:07:26Z
7lcq5mmvddy3iggLSQS9Nw**,2021-10-07T16:34:15Z
7lcq5mmvddyTEr8lZ-JjLg**,2021-10-07T16:09:57Z
7lcq5mmvddzDTeFnJRqtuw**,2021-10-07T16:09:35Z
7lcq5mmvddzZhhO-EvURAw**,2021-10-07T16:09:23Z
7lcq5mmvddxil9As2phRyQ**,2021-10-07T16:19:24Z
7lcq5mmvddwclOEeUSwEoQ**,2021-10-07T16:14:41Z
7lcq5mmvddxTy4fRn5DFbQ**,2021-10-07T16:24:23Z
7lcq5mmvddwbiKyX9eowPg**,2021-10-07T16:22:21Z
7lcq5mmvddwvAH_ER_nrAA**,2021-10-07T16:21:20Z
7lcq5mmvddy11PuSxeRmwg**,2021-10-07T16:41:27Z
7lcq5mmvddxuZI62yJp3Wg**,2021-10-07T16:27:09Z
7lcq5mmvddzhBNrb31E7-A**,2021-10-07T16:25:58Z
7lcq5mmvddz4sYI3Ixr3Sw**,2021-10-07T16:34:03Z
7lcq5mmvddxziosGPS_bjA**,2021-10-07T16:37:37Z
7lcq5mmvddz3NoAojDmgsA**,2021-10-07T16:41:40Z
7lcq5mmvddxRv6FAEnkNbQ**,2021-10-07T16:39:51Z
7lcq5mmvddxLNXI-bW7RxA**,2021-10-07T16:52:18Z
7lcq5mmvddzBZbWklOjyoQ**,2021-10-07T16:54:32Z
7lcq5mmvddy-qeDCwmy4AQ**,2021-10-07T17:06:57Z
7lcq5mmvddxqSQOHpClK8Q**,2021-10-07T16:59:51Z
7lcq5mmvddxnuYVwg7X8fQ**,2021-10-07T17:10:50Z
7lcq5mmvddyo2JMQpsSJMg**,2021-10-07T17:07:13Z
7lcq5mmvddzegWJIlu1viw**,2021-10-07T17:18:40Z
7lcq5mmvddztv3GuGzwsOQ**,2021-10-07T19:40:28Z
7lcq5mmvddwPKG1CYvbrkQ**,2021-10-07T17:11:36Z
7lcq5mmvddyMMv4oovmx1w**,2021-10-07T17:25:04Z
7lcq5mmvddyE5TcFmDZUkQ**,2021-10-07T17:24:12Z
7lcq5mmvddwXtzLzziepbQ**,2021-10-07T17:27:59Z
7lcq5mmvddy8YRiBby3oeg**,2021-10-07T17:32:56Z
7lcq5mmvddyGSxqLUogDAg**,2021-10-07T18:23:59Z
7lcq5mmvddx9KMpz26QYpQ**,2021-10-07T17:50:31Z
7lcq5mmvddyFM2m5BDyPWA**,2021-10-07T17:48:53Z
7lcq5mmvddxxU_4DJhjx-Q**,2021-10-07T17:47:47Z
7lcq5mmvddwRLXk_MCi4mA**,2021-10-07T17:58:14Z
7lcq5mmvddyzTXXc9QC_YA**,2021-10-07T17:50:17Z
7lcq5mmvddwiylww5gv5KA**,2021-10-07T18:13:00Z
7lcq5mmvddwcIrbTkqiElA**,2021-10-07T18:01:44Z
7lcq5mmvddyD3UIxeRbSnQ**,2021-10-07T17:59:49Z
7lcq5mmvddy8MChK1xgwew**,2021-10-07T18:09:48Z
7lcq5mmvddzIpgvVQFeW3A**,2021-10-07T18:10:07Z
7lcq5mmvddy2Y1WKagU2XA**,2021-10-07T18:27:37Z
7lcq5mmvddyqlcyaUzMD8Q**,2021-10-07T18:30:18Z
7lcq5mmvddz_kNq8Ngywhg**,2021-10-07T18:44:26Z
7lcq5mmvddwCziP4W5KViA**,2021-10-07T18:52:27Z
7lcq5mmvddzKrNzKY6E61w**,2021-10-07T18:45:08Z
7lcq5mmvddx_2qftZqfymg**,2021-10-07T18:47:41Z
7lcq5mmvddyDYqzPZ5D8FQ**,2021-10-07T18:55:44Z
7lcq5mmvddzf53vO6aqQ9Q**,2021-10-07T18:52:26Z
7lcq5mmvddyr5rcOSahUrA**,2021-10-07T18:54:12Z
7lcq5mmvddwzN_N3EGXJNA**,2021-10-07T19:05:09Z
7lcq5mmvddwas-B3XcvxRw**,2021-10-07T19:59:53Z
7lcq5mmvddxb7VcrYhRFyw**,2021-10-07T19:06:44Z
7lcq5mmvddylji8QLprd3Q**,2021-10-07T19:05:05Z
7lcq5mmvddx_UE-JMh9L9w**,2021-10-07T19:08:49Z
7lcq5mmvddyZyRDrtMzxBw**,2021-10-07T19:06:29Z
7lcq5mmvddxON9z3fv-8yA**,2021-10-07T19:10:17Z
7lcq5mmvddxIipErP1Vehg**,2021-10-07T19:21:54Z
7lcq5mmvddzija7_selsdg**,2021-10-07T19:26:18Z
7lcq5mmvddzQrmNzumbJkw**,2021-10-07T20:16:01Z
7lcq5mmvddwXGJ5pLg8How**,2021-10-07T19:33:21Z
7lcq5mmvddyFAtx6Q9NdgQ**,2021-10-07T19:37:55Z
7lcq5mmvddzDoorMVt-QPA**,2021-10-07T19:36:36Z
7lcq5mmvddy3E8UCjFqRdw**,2021-10-07T19:38:42Z
7lcq5mmvddzBgF_muc-Tmg**,2021-10-07T19:37:51Z
7lcq5mmvddyCpq7TP2kZ3A**,2021-10-07T19:39:45Z
7lcq5mmvddxCmav7xDhDjw**,2021-10-07T19:48:44Z
7lcq5mmvddz-IgDrdcvVBA**,2021-10-07T20:02:25Z
7lcq5mmvddwvoadmH5bHiQ**,2021-10-07T20:06:46Z
7lcq5mmvddziqu1ruoNr7w**,2021-10-07T20:05:14Z
7lcq5mmvddzLYUurAIDnJA**,2021-10-07T20:11:57Z
7lcq5mmvddzefSE23tFQig**,2021-10-07T20:15:55Z
7lcq5mmvddyWHCIqjQWp_Q**,2021-10-07T20:22:52Z
7lcq5mmvddxjjS3dVU2P2Q**,2021-10-07T20:23:57Z
7lcq5mmvddxTYiThNKkUHw**,2021-10-07T20:32:24Z
7lcq5mmvddw-JO-mdrFA4A**,2021-10-07T20:37:15Z
7lcq5mmvddwyzA5CO5L3dA**,2021-10-07T20:31:54Z
7lcq5mmvddz77G8ibwf0gQ**,2021-10-07T20:35:24Z
7lcq5mmvddwbaJ4Ubyu6vw**,2021-10-07T20:38:57Z
7lcq5mmvddz18fgqRPpevQ**,2021-10-07T20:46:30Z
7lcq5mmvddwASjkmeIbXHw**,2021-10-07T20:46:55Z
7lcq5mmvddw_PCg39zlQew**,2021-10-08T19:50:18Z
7lcq5mmvddy2DaMEC61TTw**,2021-10-07T21:01:08Z
7lcq5mmvddwI3z0mH12zbA**,2021-10-07T21:01:46Z
7lcq5mmvddwcX06wCh0W7w**,2021-10-07T21:09:25Z
7lcq5mmvddxMlIgEdBgCLQ**,2021-10-07T21:15:49Z
7lcq5mmvddyAd4j-vmRxJw**,2021-10-07T21:19:44Z
7lcq5mmvddwNgdULccPG5A**,2021-10-07T21:23:46Z
7lcq5mmvddzrEIa1EuBUVA**,2021-10-07T21:34:37Z
7lcq5mmvddzt0O8kJUnbUw**,2021-10-07T21:35:48Z
7lcq5mmvddxTibaT83ea6w**,2021-10-07T21:36:51Z
7lcq5mmvddxkNVSrreEEvw**,2021-10-07T21:41:39Z
7lcq5mmvddx1wBAceBZ8Cw**,2021-10-07T21:47:01Z
7lcq5mmvddxeahru4laZ1Q**,2021-10-07T22:06:33Z
7lcq5mmvddwsKaNfyJNejQ**,2021-10-07T21:52:32Z
7lcq5mmvddzeB0Y8N7YKUA**,2021-10-07T22:18:39Z
7lcq5mmvddxjjfdI7fH5oA**,2021-10-07T22:18:36Z
7lcq5mmvddxLefJw5K3aLg**,2021-10-07T22:39:39Z
7lcq5mmvddxPb3jsJdyQ0Q**,2021-10-07T22:50:05Z
7lcq5mmvddxys3VBOiG5Sg**,2021-10-07T23:01:32Z
7lcq5mmvddwDTVakWwCMAA**,2021-10-07T23:05:00Z
7lcq5mmvddxK4ApC8Y6H6g**,2021-10-07T23:00:33Z
7lcq5mmvddydB25wjxvMWw**,2021-10-07T23:01:43Z
7lcq5mmvddynxmYmmQ7zPg**,2021-10-07T23:04:14Z
7lcq5mmvddy2O0G6r4EMAw**,2021-10-08T06:54:48Z
7lcq5mmvddyyEdTiwrzasw**,2021-10-07T23:15:46Z
7lcq5mmvddynoTqRa_3vCQ**,2021-10-07T23:23:34Z
7lcq5mmvddxPmSA9hy9aZA**,2021-10-07T23:26:03Z
7lcq5mmvddzHQL8a0MdUsw**,2021-10-07T23:47:11Z
7lcq5mmvddywihX7kWbkkQ**,2021-10-07T23:39:30Z
7lcq5mmvddwP3f4-AsLkEw**,2021-10-07T23:42:41Z
7lcq5mmvddzZ58_BoLi9ZQ**,2021-10-07T23:42:25Z
7lcq5mmvddxojUdVPZDDlg**,2021-10-07T23:44:18Z
7lcq5mmvddzWMyhwlcXRdQ**,2021-10-07T23:50:16Z
7lcq5mmvddwL-f6HQTTjyw**,2021-10-08T00:02:40Z
7lcq5mmvddwjzFn0LFiyzw**,2021-10-08T00:02:08Z
7lcq5mmvddzqnRQq7mUA7Q**,2021-10-08T00:02:57Z
7lcq5mmvddyXaGqwo7ci3g**,2021-10-08T00:14:11Z
7lcq5mmvddwzsD_CjNKD7Q**,2021-10-08T00:12:05Z
7lcq5mmvddx5FXQsykJ6dA**,2021-10-08T00:09:09Z
7lcq5mmvddwFdoKPw3r9tQ**,2021-10-08T00:18:20Z
7lcq5mmvddwmCCvRSzrrug**,2021-10-08T00:18:27Z
7lcq5mmvddyDp4i2aR_Gaw**,2021-10-08T00:20:33Z
7lcq5mmvddwN7PV4GYFtkA**,2021-10-08T00:33:24Z
7lcq5mmvddzH8-lSziJu2Q**,2021-10-08T00:32:12Z
7lcq5mmvddwUyd0GtBmjiA**,2021-10-08T00:32:48Z
7lcq5mmvddxIoGPtwvIZLA**,2021-10-08T00:54:41Z
7lcq5mmvddy622zS5KY3nw**,2021-10-08T00:48:10Z
7lcq5mmvddxmgI2WsuAlfw**,2021-10-08T00:55:13Z
7lcq5mmvddyp2y-F-HyF8w**,2021-10-08T00:57:35Z
7lcq5mmvddwDQPhsb-cA5w**,2021-10-08T01:01:11Z
7lcq5mmvddyuIXg9z5L-KQ**,2021-10-08T01:15:06Z
7lcq5mmvddx65AN0ldF9kg**,2021-10-08T01:15:20Z
7lcq5mmvddzUURAe6Fe5og**,2021-10-08T01:21:45Z
7lcq5mmvddyAKwZjATgWXA**,2021-10-08T01:23:03Z
7lcq5mmvddwYQrVe--eJIA**,2021-10-08T01:38:55Z
7lcq5mmvddziqCeIZYWCXQ**,2021-10-08T01:50:05Z
7lcq5mmvddy2f_R1BR4F4Q**,2021-10-08T01:46:53Z
7lcq5mmvddxMeR0HzP66sA**,2021-10-08T02:00:13Z
7lcq5mmvddz3TLndD5ixFA**,2021-10-08T02:00:21Z
7lcq5mmvddzz0hemC2jHSA**,2021-10-08T02:17:34Z
7lcq5mmvddwDPf1ewv6OSg**,2021-10-08T02:07:38Z
7lcq5mmvddwil1IhBwKNNg**,2021-10-08T02:03:28Z
7lcq5mmvddwq0dGPg5GKrg**,2021-10-08T02:11:57Z
7lcq5mmvddylqW33IqGilw**,2021-10-08T02:13:21Z
7lcq5mmvddyBOcETDflujQ**,2021-10-08T02:15:46Z
7lcq5mmvddw0VzaQMEt93A**,2021-10-08T02:15:44Z
7lcq5mmvddwQ3HCuLfZX8Q**,2021-10-08T02:19:40Z
7lcq5mmvddw0chRnh-gGIw**,2021-10-08T02:22:14Z
7lcq5mmvddyx0byBjV4IzQ**,2021-10-08T02:26:24Z
7lcq5mmvddxqa3D_3biBFg**,2021-10-08T02:33:41Z
7lcq5mmvddzGCC0d1bWfYA**,2021-10-08T02:36:27Z
7lcq5mmvddz9rVdatB6f4w**,2021-10-08T02:43:05Z
7lcq5mmvddxfZkA-Tr7kfw**,2021-10-08T02:40:26Z
7lcq5mmvddxItmtm5pYvAQ**,2021-10-08T02:55:00Z
7lcq5mmvddw-dc8fv8wFsg**,2021-10-08T03:03:57Z
7lcq5mmvddz1lGB7fJIrxw**,2021-10-08T03:06:18Z
7lcq5mmvddxJe_cWPeMveA**,2021-10-08T03:03:34Z
7lcq5mmvddzBtebeIgKlcA**,2021-10-08T03:03:48Z
7lcq5mmvddwV833hkuQ8Zg**,2021-10-08T03:04:15Z
7lcq5mmvddyD1E2adbsG1w**,2021-10-08T03:10:03Z
7lcq5mmvddzsPJK6WkpKEg**,2021-10-08T03:09:39Z
7lcq5mmvddwE7G7yNK-mXg**,2021-10-08T03:13:13Z
7lcq5mmvddz2QHMNqhfuGw**,2021-10-08T03:15:21Z
7lcq5mmvddyL4ZNLsPqY1Q**,2021-10-08T03:16:48Z
7lcq5mmvddxj7DzdeEr6Yw**,2021-10-08T03:16:37Z
7lcq5mmvddyDtdGom9ZLdw**,2021-10-08T03:59:36Z
7lcq5mmvddxKgmT3w_xRUw**,2021-10-08T03:16:11Z
7lcq5mmvddxnF7fJKChMPw**,2021-10-08T03:27:05Z
7lcq5mmvddwV5zNZn0oWwQ**,2021-10-08T03:26:26Z
7lcq5mmvddybC6JR_Lnijw**,2021-10-08T03:29:37Z
7lcq5mmvddxB_m75FzhLtg**,2021-10-08T04:08:39Z
7lcq5mmvddwIDbx0CTE0HA**,2021-10-08T03:30:59Z
7lcq5mmvddx1n__vKX9EDw**,2021-10-08T03:35:30Z
7lcq5mmvddwlu_OnZzcRug**,2021-10-08T03:58:41Z
7lcq5mmvddzkaSAG0RxvFg**,2021-10-08T03:54:34Z
7lcq5mmvddzGPvhE_ZwiWA**,2021-10-08T03:58:08Z
7lcq5mmvddwRtJr8380J9Q**,2021-10-08T03:55:00Z
7lcq5mmvddwJ59Xf-dFpug**,2021-10-08T03:57:41Z
7lcq5mmvddxRfv4kSsC_6Q**,2021-10-08T04:09:46Z
7lcq5mmvddyCdFaXA9gESw**,2021-10-08T04:11:06Z
7lcq5mmvddxc3R9L3Rzzxw**,2021-10-08T04:13:56Z
7lcq5mmvddwR4_DL1QY1iA**,2021-10-08T04:26:36Z
7lcq5mmvddwH4kaxiq-6FA**,2021-10-08T04:24:56Z
7lcq5mmvddxY7j66Z3kt-Q**,2021-10-08T04:27:26Z
7lcq5mmvddz119hz9mz1qg**,2021-10-08T04:31:44Z
7lcq5mmvddwxqL0pQJyQHQ**,2021-10-08T04:42:32Z
7lcq5mmvddzO2GKG_Ch6GQ**,2021-10-08T04:40:19Z
7lcq5mmvddyMder-hSGjYg**,2021-10-08T04:46:10Z
7lcq5mmvddxDnRHpwR9aQw**,2021-10-08T04:54:13Z
7lcq5mmvddyIL0n44GCX7Q**,2021-10-08T05:03:12Z
7lcq5mmvddwR-FAZ21M6Bw**,2021-10-08T05:18:41Z
7lcq5mmvddz-ocsN59hCUw**,2021-10-08T05:22:17Z
7lcq5mmvddytANZ9pZMAug**,2021-10-08T05:20:16Z
7lcq5mmvddw6Hiv3AbV6WA**,2021-10-08T05:34:49Z
7lcq5mmvddyni4g3501IZA**,2021-10-08T05:32:47Z
7lcq5mmvddyfUjkwTtEMPA**,2021-10-08T05:36:48Z
7lcq5mmvddwScKWTtNtlsA**,2021-10-08T05:38:30Z
7lcq5mmvddzz3i2upAxv4Q**,2021-10-08T05:45:33Z
7lcq5mmvddwFUvupan8XXg**,2021-10-08T05:56:03Z
7lcq5mmvddypaH0ekpXO8A**,2021-10-08T06:18:42Z
7lcq5mmvddyS1iflrGAGAw**,2021-10-08T06:30:28Z
7lcq5mmvddxRyx0F17bhmA**,2021-10-08T06:24:31Z
7lcq5mmvddyKk3v35-oPCQ**,2021-10-08T06:34:24Z
7lcq5mmvddwCWU0d4B4HXw**,2021-10-08T06:47:38Z
7lcq5mmvddwuq8Wphce60w**,2021-10-08T07:05:30Z
7lcq5mmvddzhzqEBPf89Yw**,2021-10-08T06:51:01Z
7lcq5mmvddytYXAl8QRSnA**,2021-10-08T06:58:13Z
7lcq5mmvddx87FUaY1T5lQ**,2021-10-08T07:09:26Z
7lcq5mmvddw2i28_J-Em1A**,2021-10-08T07:05:04Z
7lcq5mmvddxAde9Hb11FPg**,2021-10-08T07:17:48Z
7lcq5mmvddxVa0dE7VoUQQ**,2021-10-08T07:20:32Z
7lcq5mmvddzwnQHXltotww**,2021-10-08T07:25:39Z
7lcq5mmvddy_ciwSAa0xxA**,2021-10-08T07:49:06Z
7lcq5mmvddzvI96syAO4Aw**,2021-10-08T08:11:16Z
7lcq5mmvddwiRf4IvCY5lQ**,2021-10-08T08:12:43Z
7lcq5mmvddx0aEwyB8LFEw**,2021-10-08T08:31:39Z
7lcq5mmvddzvLmvCy7MTvA**,2021-10-08T08:23:40Z
7lcq5mmvddz42JdDdMQtWA**,2021-10-08T08:32:55Z
7lcq5mmvddwb12VVWHK2Gg**,2021-10-08T08:37:21Z
7lcq5mmvddxR59eNY7Y9XA**,2021-10-08T09:37:12Z
7lcq5mmvddy2qUZbpfYhIA**,2021-10-08T09:48:02Z
7lcq5mmvddz9XUo2E3CLfw**,2021-10-08T10:04:54Z
7lcq5mmvddzaxdDV9YT1gQ**,2021-10-08T10:11:26Z
7lcq5mmvddzFXCTgXuk77w**,2021-10-08T10:28:13Z
7lcq5mmvddwqb6O7XYpEHQ**,2021-10-08T10:32:57Z
7lcq5mmvddyMtKWbPtRSIg**,2021-10-08T10:28:45Z
7lcq5mmvddwxYKS7VtEk0A**,2021-10-08T10:42:46Z
7lcq5mmvddwiTAoGBjRMeQ**,2021-10-08T10:46:52Z
7lcq5mmvddza6YAOZwJBYQ**,2021-10-08T10:58:38Z
7lcq5mmvddwfXmGVGc5F9g**,2021-10-08T10:59:20Z
7lcq5mmvddxOj7d7vFkmGQ**,2021-10-08T11:00:47Z
7lcq5mmvddy-xykV4q8Lnw**,2021-10-08T11:02:40Z
7lcq5mmvddyO4CPYItH5wg**,2021-10-08T11:24:52Z
7lcq5mmvddwjnL0FR3YSfg**,2021-10-08T11:22:27Z
7lcq5mmvddxg0-5uXXAHHA**,2021-10-08T11:34:07Z
7lcq5mmvddxtq92kOPTPzA**,2021-10-08T11:53:28Z
7lcq5mmvddxZRM-wLmHNrw**,2021-10-08T11:53:35Z
7lcq5mmvddwgxKqdk5FkVQ**,2021-10-08T12:11:55Z
7lcq5mmvddxuFXRpf_kmgA**,2021-10-08T11:59:33Z
7lcq5mmvddyTJisOi8R6aQ**,2021-10-08T12:33:48Z
7lcq5mmvddzuP-ciyPZK4Q**,2021-10-08T12:14:36Z
7lcq5mmvddw9BebfulLZkw**,2021-10-08T12:26:49Z
7lcq5mmvddwB6z6n9DGcTg**,2021-10-08T12:37:15Z
7lcq5mmvddy1KjdeI4DE1g**,2021-10-08T12:46:18Z
7lcq5mmvddxLl3e4Hcm4iw**,2021-10-08T12:39:04Z
7lcq5mmvddwYKsJBpdR_fg**,2021-10-08T12:55:07Z
7lcq5mmvddwYcDVpO67tsQ**,2021-10-08T12:48:01Z
7lcq5mmvddzWCyqvucEnmw**,2021-10-08T12:51:09Z
7lcq5mmvddz6cfH_H_37tQ**,2021-10-08T12:52:29Z
7lcq5mmvddyLy_nm52bsHw**,2021-10-08T12:58:49Z
7lcq5mmvddy3X5vmva9xRw**,2021-10-08T13:24:50Z
7lcq5mmvddxSQdMdq2thQQ**,2021-10-08T13:39:02Z
7lcq5mmvddz2HDbtWAd9Tw**,2021-10-08T13:57:28Z
7lcq5mmvddwXCTrTs0mgVQ**,2021-10-08T13:48:25Z
7lcq5mmvddxI4Ec1Ulogow**,2021-10-08T14:06:45Z
7lcq5mmvddyOk3hqaWs0kQ**,2021-10-08T13:58:18Z
7lcq5mmvddyoO3UfiPfHrg**,2021-10-08T14:05:05Z
7lcq5mmvddzE-jpqycwWgw**,2021-10-08T14:05:03Z
7lcq5mmvddylgzmcwOyi6g**,2021-10-08T14:20:27Z
7lcq5mmvddxMIAxxjNeB1w**,2021-10-08T14:25:02Z
7lcq5mmvddyO7f2Fmf1QEA**,2021-10-08T14:40:24Z
7lcq5mmvddxPjptV74qsmA**,2021-10-08T14:40:38Z
7lcq5mmvddyhu09aE4HY_A**,2021-10-08T15:31:19Z
7lcq5mmvddxD3OiKx5unrw**,2021-10-08T14:52:33Z
7lcq5mmvddxQEpFHn2CmDA**,2021-10-08T14:59:44Z
7lcq5mmvddxOcg23cbvfug**,2021-10-08T15:01:07Z
7lcq5mmvddzd9ZzIwZTtGQ**,2021-10-08T15:09:42Z
7lcq5mmvddxkmJC4eIElyw**,2021-10-08T14:59:59Z
7lcq5mmvddxfKJt9RtCabg**,2021-10-08T15:04:49Z
7lcq5mmvddyFHNAO7KTxDQ**,2021-10-08T15:42:07Z
7lcq5mmvddyYE3ltA8LZnA**,2021-10-08T15:20:06Z
7lcq5mmvddx0g3_XuXz10g**,2021-10-08T15:26:36Z
7lcq5mmvddz9L1rSFTuC8g**,2021-10-08T15:40:07Z
7lcq5mmvddwlWJBUaZHIgg**,2021-10-08T15:51:05Z
7lcq5mmvddydupDfqhLWjQ**,2021-10-08T15:42:48Z
7lcq5mmvddyAmDvTx58sjA**,2021-10-08T15:55:17Z
7lcq5mmvddxB6ilHUWG5UQ**,2021-10-08T15:42:54Z
7lcq5mmvddxZbuxLxMtCpw**,2021-10-08T15:52:55Z
7lcq5mmvddzOM0fdSD_BCw**,2021-10-08T16:04:54Z
7lcq5mmvddxxpKlPS2ii1g**,2021-10-08T16:15:28Z
7lcq5mmvddzcI9hQZvMabw**,2021-10-08T16:14:04Z
7lcq5mmvddz0F3dvJNZ4BQ**,2021-10-08T16:14:24Z
7lcq5mmvddzZgUZR7MAaqg**,2021-10-08T16:16:48Z
7lcq5mmvddzm86lg2IYlAQ**,2021-10-08T16:21:42Z
7lcq5mmvddywH1P3Qe_GRQ**,2021-10-08T16:21:25Z
7lcq5mmvddw3CAxzOQWs-Q**,2021-10-08T16:39:31Z
7lcq5mmvddyZB6tf6DGteQ**,2021-10-08T16:41:53Z
7lcq5mmvddyHqeHSmWarbQ**,2021-10-08T16:51:34Z
7lcq5mmvddz3TQ4juZ9kRg**,2021-10-08T16:45:22Z
7lcq5mmvddwiIM0sIeshSA**,2021-10-08T16:45:06Z
7lcq5mmvddz-V9XL1alC-Q**,2021-10-08T16:51:09Z
7lcq5mmvddw6rCRRYvCeEA**,2021-10-08T16:55:46Z
7lcq5mmvddxrfWT7CjqgQg**,2021-10-08T16:53:36Z
7lcq5mmvddwz19ZYbdrHPQ**,2021-10-08T17:17:36Z
7lcq5mmvddzTziB1j387Cw**,2021-10-08T17:24:13Z
7lcq5mmvddygv1OzStrSVA**,2021-10-08T17:30:29Z
7lcq5mmvddw6nMGQXuprhQ**,2021-10-08T17:31:43Z
7lcq5mmvddy_O38W1mGDBA**,2021-10-08T17:32:22Z
7lcq5mmvddxBYTn1TT1rmg**,2021-10-08T17:52:56Z
7lcq5mmvddypMW8j_IBeMQ**,2021-10-08T17:55:30Z
7lcq5mmvddz3ugK2c_Blbw**,2021-10-08T18:19:44Z
7lcq5mmvddx5uXam4pNWfg**,2021-10-08T18:32:23Z
7lcq5mmvddxaMrJWdoZC-w**,2021-10-08T18:50:21Z
7lcq5mmvddz2HjWEyAtHCw**,2021-10-08T19:07:56Z
7lcq5mmvddxbvYPgXoI-tg**,2021-10-08T19:20:55Z
7lcq5mmvddy-_MQwCOVumA**,2021-10-08T19:27:32Z
7lcq5mmvddymh9BiXcENtA**,2021-10-08T19:37:53Z
7lcq5mmvddx5aENK3eJL7A**,2021-10-08T19:36:37Z
7lcq5mmvddw12rUacXWYeg**,2021-10-08T19:37:35Z
7lcq5mmvddw9mfQ0k2UEUQ**,2021-10-08T20:15:01Z
7lcq5mmvddzWG3RMyBZtMw**,2021-10-08T20:46:47Z
7lcq5mmvddw_62X3pIzjVw**,2021-10-08T20:52:26Z
7lcq5mmvddwHx5Uz3i8bqg**,2021-10-08T21:08:18Z
7lcq5mmvddxANM8iKrx30Q**,2021-10-08T21:32:35Z
7lcq5mmvddyhRVzyoMEnQA**,2021-10-08T21:34:53Z
7lcq5mmvddyS5asDtHNi0g**,2021-10-08T21:26:10Z
7lcq5mmvddyvwtq5fM55oA**,2021-10-08T21:33:09Z
7lcq5mmvddyWUOgYFnr9_g**,2021-10-08T21:37:52Z
7lcq5mmvddzgGc2dkSd8Dg**,2021-10-08T21:45:05Z
7lcq5mmvddwDiRn5ioqSpg**,2021-10-08T21:49:04Z
7lcq5mmvddzUAL-edPTnZw**,2021-10-08T21:59:44Z
7lcq5mmvddxsOgWieUu_HA**,2021-10-08T22:02:03Z
7lcq5mmvddzOg6om8Xte-Q**,2021-10-08T22:18:40Z
7lcq5mmvddwHanpdkJpHUA**,2021-10-08T22:45:37Z
7lcq5mmvddw9qro8yHjugA**,2021-10-08T22:42:34Z
7lcq5mmvddx-pjuatvi9dQ**,2021-10-08T22:42:04Z
7lcq5mmvddyypIO3ghGaQQ**,2021-10-08T22:43:32Z
7lcq5mmvddzkR6y--0wf4w**,2021-10-08T22:51:54Z
7lcq5mmvddx92ekayckmCQ**,2021-10-08T23:10:58Z
7lcq5mmvddwEy_anHuOMew**,2021-10-08T23:19:54Z
7lcq5mmvddz5simxtHDuGw**,2021-10-08T23:30:04Z
7lcq5mmvddx1Oa3L15D0Zw**,2021-10-08T23:47:58Z
7lcq5mmvddxp6bikAHxcfA**,2021-10-09T00:01:48Z
7lcq5mmvddy1kCOacWAleg**,2021-10-09T00:13:29Z
7lcq5mmvddwpxs54-oW6Wg**,2021-10-09T00:12:45Z
7lcq5mmvddyLwREAMq3lIA**,2021-10-09T00:44:09Z
7lcq5mmvddyuDf6npo_xCA**,2021-10-09T00:40:54Z
7lcq5mmvddztUg7HfptWRA**,2021-10-09T00:43:59Z
7lcq5mmvddwM4tIFlG364Q**,2021-10-09T00:51:59Z
7lcq5mmvddwompYiQmBqJQ**,2021-10-09T01:06:43Z
7lcq5mmvddxZeVrhr3OjsQ**,2021-10-09T01:02:17Z
7lcq5mmvddwSwD6byjS-uA**,2021-10-09T01:09:07Z
7lcq5mmvddzJaQApkfWPPg**,2021-10-09T01:06:27Z
7lcq5mmvddz39SVHgLLr1w**,2021-10-09T01:12:16Z
7lcq5mmvddzovNyzsB8O3g**,2021-10-09T01:24:06Z
7lcq5mmvddxFEc7l2y1srw**,2021-10-09T02:05:32Z
7lcq5mmvddzMReVCHxVOwQ**,2021-10-09T01:54:51Z
7lcq5mmvddzhaHQnJNPz3g**,2021-10-09T01:56:28Z
7lcq5mmvddyyNlmdFrTTJw**,2021-10-09T02:03:54Z
7lcq5mmvddyRC3DitBQHAA**,2021-10-09T02:11:48Z
7lcq5mmvddysbz0aJyMsGw**,2021-10-09T02:00:11Z
7lcq5mmvddyWIsCUs8F0bQ**,2021-10-09T02:04:45Z
7lcq5mmvddw1s6h1FOzn9g**,2021-10-09T02:34:11Z
7lcq5mmvddw6brncmxzv-w**,2021-10-09T02:27:02Z
7lcq5mmvddyVyCCsLexeAA**,2021-10-09T02:35:31Z
7lcq5mmvddzXPewHuOIyRA**,2021-10-09T02:34:46Z
7lcq5mmvddy3Z-QZ48RcaQ**,2021-10-09T02:35:51Z
7lcq5mmvddz9je9sYtgZQQ**,2021-10-09T02:39:12Z
7lcq5mmvddxFcuwVHtLyNA**,2021-10-09T02:59:59Z
7lcq5mmvddzGPjZknSoCgQ**,2021-10-09T02:43:12Z
7lcq5mmvddzIZTOpOYps5w**,2021-10-09T02:56:29Z
7lcq5mmvddyj0YJjrNgtiA**,2021-10-09T03:15:04Z
7lcq5mmvddxkBMaK9D7OyQ**,2021-10-09T03:08:53Z
7lcq5mmvddwRgd6dW9sawg**,2021-10-09T03:08:14Z
7lcq5mmvddyjxAtnnl6mig**,2021-10-09T03:12:31Z
7lcq5mmvddzskhruXLx33g**,2021-10-09T03:24:26Z
7lcq5mmvddzXPbiHru9Qhg**,2021-10-09T03:19:29Z
7lcq5mmvddwbwXd0BqqyAw**,2021-10-09T03:31:04Z
7lcq5mmvddxTI0K7uY6y9Q**,2021-10-09T03:28:21Z
7lcq5mmvddzU7-V2C2OpMw**,2021-10-09T03:31:06Z
7lcq5mmvddx9I-unX71UMw**,2021-10-09T03:34:49Z
7lcq5mmvddxFx3gmlvD4LA**,2021-10-09T03:40:13Z
7lcq5mmvddxOmnCulqE8EA**,2021-10-09T03:48:08Z
7lcq5mmvddyFD42k7wr4Zw**,2021-10-09T03:58:23Z
7lcq5mmvddzNt7uFv0l1XQ**,2021-10-09T03:52:45Z
7lcq5mmvddyOfYqoqlJFdQ**,2021-10-09T04:07:59Z
7lcq5mmvddxhWZxiXzlbwA**,2021-10-09T04:00:17Z
7lcq5mmvddwQ4qg5gy4cvg**,2021-10-09T04:03:08Z
7lcq5mmvddxnc8TEzdyt7A**,2021-10-09T04:02:09Z
7lcq5mmvddwgouSfzuGQpA**,2021-10-09T04:10:37Z
7lcq5mmvddxvBH8s2Gp7Dw**,2021-10-09T04:12:44Z
7lcq5mmvddyWgyM7dWGdKA**,2021-10-09T04:22:27Z
7lcq5mmvddxyPgQbstU_bg**,2021-10-09T04:31:24Z
7lcq5mmvddwkkM3f3WKE_Q**,2021-10-09T04:39:34Z
7lcq5mmvddwCVEd-oMUZjA**,2021-10-09T04:40:22Z
7lcq5mmvddxPUzjtNIJ8CA**,2021-10-09T04:39:28Z
7lcq5mmvddwmkKvOA2V8HQ**,2021-10-09T04:54:17Z
7lcq5mmvddyO2_5kTIZFNA**,2021-10-09T04:51:58Z
7lcq5mmvddxitduzZLcDUw**,2021-10-09T18:25:03Z
7lcq5mmvddxKf_XdKHPX7g**,2021-10-09T04:50:45Z
7lcq5mmvddwMTRNlF0Qxeg**,2021-10-09T04:54:51Z
7lcq5mmvddyOF223dGxq7Q**,2021-10-09T04:55:59Z
7lcq5mmvddz45oId_ByLJw**,2021-10-09T04:55:54Z
7lcq5mmvddz9B6s8hLDmrQ**,2021-10-09T04:58:14Z
7lcq5mmvddwcycTY_fwt7A**,2021-10-09T05:02:58Z
7lcq5mmvddyhJk-CPufZcA**,2021-10-09T05:16:44Z
7lcq5mmvddxCfNUxyJM29Q**,2021-10-09T05:13:32Z
7lcq5mmvddzTymmMWmDbCw**,2021-10-09T05:19:38Z
7lcq5mmvddyN8yS5q7jf7w**,2021-10-09T05:31:36Z
7lcq5mmvddx3CCOT41VxtQ**,2021-10-09T05:20:29Z
7lcq5mmvddykhSGLvp4wFg**,2021-10-09T05:27:49Z
7lcq5mmvddzEkgMXmzifKQ**,2021-10-09T05:40:17Z
7lcq5mmvddya2OtVyMJDOw**,2021-10-09T05:31:17Z
7lcq5mmvddxsc-5tNypj6w**,2021-10-09T05:48:26Z
7lcq5mmvddzmSAQADq9iBA**,2021-10-09T05:41:10Z
7lcq5mmvddxyg8Vr0n0R7w**,2021-10-09T05:50:29Z
7lcq5mmvddxpgt0L-R7AZg**,2021-10-09T05:48:42Z
7lcq5mmvddwdPZ-cXzFXuA**,2021-10-09T05:53:26Z
7lcq5mmvddz3ugGP7J6JlA**,2021-10-09T05:59:22Z
7lcq5mmvddy47fdPgkOtvQ**,2021-10-09T06:04:50Z
7lcq5mmvddw2EITCubw2SQ**,2021-10-09T06:08:07Z
7lcq5mmvddz19S-fUKHmNg**,2021-10-09T06:21:09Z
7lcq5mmvddzejKQv4GUUrw**,2021-10-09T06:21:15Z
7lcq5mmvddzbrWKgWT7GLg**,2021-10-09T06:35:00Z
7lcq5mmvddwhDRLGmy1Ohw**,2021-10-09T06:43:12Z
7lcq5mmvddzpMq_WJIdjZA**,2021-10-09T06:55:54Z
7lcq5mmvddw_ThOHUb6i_Q**,2021-10-09T06:51:25Z
7lcq5mmvddxd4rajeO377w**,2021-10-09T07:10:06Z
7lcq5mmvddx8aC3f0IGYHQ**,2021-10-09T06:57:38Z
7lcq5mmvddwWxr3c2tsX8w**,2021-10-09T07:11:21Z
7lcq5mmvddx_5lLDg1_iVw**,2021-10-09T07:13:53Z
7lcq5mmvddyWHxmHgTPuZA**,2021-10-09T07:17:30Z
7lcq5mmvddxiZPN1J_IIMg**,2021-10-09T07:12:27Z
7lcq5mmvddxupeF41vtDTQ**,2021-10-09T07:27:59Z
7lcq5mmvddyszxEAfyZUxg**,2021-10-09T07:27:34Z
7lcq5mmvddxvqom2kVAEQQ**,2021-10-09T07:24:26Z
7lcq5mmvddznan34Pi6cUw**,2021-10-09T07:33:12Z
7lcq5mmvddxUa99OjPlTlw**,2021-10-09T07:45:53Z
7lcq5mmvddyzpCqND_DtBg**,2021-10-09T07:49:43Z
7lcq5mmvddwMrUZOjTTVnA**,2021-10-09T07:54:26Z
7lcq5mmvddxO0HmbQxVLGg**,2021-10-09T07:57:37Z
7lcq5mmvddzh0Cy1Bx9Dvg**,2021-10-09T08:02:35Z
7lcq5mmvddw4lXWk0D8AMg**,2021-10-09T07:56:52Z
7lcq5mmvddyCM8Ui_hZ5Qg**,2021-10-09T08:06:06Z
7lcq5mmvddxqikQ0R6hrmA**,2021-10-09T08:04:38Z
7lcq5mmvddwBSSNepJgFvw**,2021-10-09T08:08:10Z
7lcq5mmvddyKRKMLFfRcfg**,2021-10-09T08:18:05Z
7lcq5mmvddw11i49jki-1Q**,2021-10-09T08:21:18Z
7lcq5mmvddwUWFZpM5Hv5w**,2021-10-09T08:30:03Z
7lcq5mmvddzfX4k41XHoFQ**,2021-10-09T08:25:43Z
7lcq5mmvddx_Qz7LrfC1YA**,2021-10-09T08:33:35Z
7lcq5mmvddynqfuqzoDv1w**,2021-10-09T08:34:10Z
7lcq5mmvddy-AcxFQNGnDA**,2021-10-09T08:34:09Z
7lcq5mmvddxdQj8qOvnkgA**,2021-10-09T08:36:21Z
7lcq5mmvddw2Qr2j0Zg8fQ**,2021-10-09T08:59:52Z
7lcq5mmvddzHnsW7qBelyw**,2021-10-09T08:59:09Z
7lcq5mmvddyJKhpJUu6a6Q**,2021-10-09T09:08:09Z
7lcq5mmvddzdWih8-F3SRw**,2021-10-09T09:29:51Z
7lcq5mmvddwv0oAZzh7MMA**,2021-10-09T09:29:53Z
7lcq5mmvddwIkVXxv7RBAw**,2021-10-09T09:27:35Z
7lcq5mmvddw5grM8bEHlTA**,2021-10-09T09:31:26Z
7lcq5mmvddyn_u_rd7Jawg**,2021-10-09T09:47:49Z
7lcq5mmvddzOvpAFZoT6KQ**,2021-10-09T09:47:58Z
7lcq5mmvddxnUKX2R0AR-w**,2021-10-09T10:06:05Z
7lcq5mmvddyuH0_aIQsHOA**,2021-10-09T10:10:52Z
7lcq5mmvddx95WdLTm-3OQ**,2021-10-09T09:59:13Z
7lcq5mmvddyd_ase_rNxKg**,2021-10-09T10:06:36Z
7lcq5mmvddzVKU5NATsSsQ**,2021-10-09T10:10:02Z
7lcq5mmvddzmTQhvcp0KCQ**,2021-10-09T10:18:53Z
7lcq5mmvddycqQYGALFBnA**,2021-10-09T10:28:31Z
7lcq5mmvddzuxqQV-FPAdg**,2021-10-09T10:35:24Z
7lcq5mmvddzXCiDbMVnSCw**,2021-10-09T10:35:27Z
7lcq5mmvddzwdu7WhueiJA**,2021-10-09T10:35:26Z
7lcq5mmvddwL5qCDZ810Mg**,2021-10-09T10:37:45Z
7lcq5mmvddzNTyt7hLDApA**,2021-10-09T10:40:25Z
7lcq5mmvddwEp-gR377YlA**,2021-10-09T11:00:56Z
7lcq5mmvddy24kjVD8oXzA**,2021-10-09T11:01:07Z
7lcq5mmvddxB2Ig9i1x1Ww**,2021-10-09T11:02:55Z
7lcq5mmvddwli8Zk6PWnSQ**,2021-10-09T11:00:54Z
7lcq5mmvddxL-OtWMsHw3g**,2021-10-09T11:38:48Z
7lcq5mmvddwGFNGtBsEanw**,2021-10-09T11:41:52Z
7lcq5mmvddykxti-wod_Lw**,2021-10-09T11:41:37Z
7lcq5mmvddx51LLiG1e6cA**,2021-10-09T11:46:34Z
7lcq5mmvddwjYneAzr5-XQ**,2021-10-09T11:48:49Z
7lcq5mmvddyyNSLI6PttnA**,2021-10-09T11:48:56Z
7lcq5mmvddypymwX55long**,2021-10-10T03:08:48Z
7lcq5mmvddz9NYYFjT9duA**,2021-10-09T12:19:25Z
7lcq5mmvddygbxO5dN7mOA**,2021-10-09T12:18:30Z
7lcq5mmvddyQ96B-M5MYdg**,2021-10-09T12:27:44Z
7lcq5mmvddy_Z1QEKTtayw**,2021-10-09T12:36:18Z
7lcq5mmvddw3NerSuY31Vg**,2021-10-09T12:47:20Z
7lcq5mmvddwHEoZJh-2sVA**,2021-10-09T12:47:24Z
7lcq5mmvddyrqAf7Zk1ZsQ**,2021-10-09T12:51:31Z
7lcq5mmvddzxovDHa23Hgg**,2021-10-09T12:57:02Z
7lcq5mmvddy2eKGj8WaI3Q**,2021-10-09T13:08:21Z
7lcq5mmvddxEpS9bUWYt6w**,2021-10-09T13:07:42Z
7lcq5mmvddzCmXawG4Yp_w**,2021-10-09T13:20:44Z
7lcq5mmvddyIgvw-dds-TA**,2021-10-09T13:37:02Z
7lcq5mmvddwJecRueps52A**,2021-10-09T13:35:03Z
7lcq5mmvddzp8W3U6LDCCw**,2021-10-09T13:53:30Z
7lcq5mmvddzbe7z_vLh5xg**,2021-10-09T14:06:09Z
7lcq5mmvddwJ1yqZo9TFGQ**,2021-10-09T14:24:17Z
7lcq5mmvddzUIymJYQkbDA**,2021-10-09T14:29:37Z
7lcq5mmvddwRlEfYSM2aag**,2021-10-09T14:34:21Z
7lcq5mmvddzbSsR4nnlFgg**,2021-10-09T14:50:10Z
7lcq5mmvddxlmGPGUD2kYA**,2021-10-09T14:45:52Z
7lcq5mmvddxxtHRlv5c-iQ**,2021-10-09T14:51:59Z
7lcq5mmvddyGwC1ncIWkhA**,2021-10-09T15:03:11Z
7lcq5mmvddxq3zqs-wiLyg**,2021-10-09T15:02:55Z
7lcq5mmvddwc71UyIOYTCA**,2021-10-09T15:01:36Z
7lcq5mmvddw8_csCVAOIFA**,2021-10-09T15:00:17Z
7lcq5mmvddwhhzEeMslnRw**,2021-10-09T15:10:33Z
7lcq5mmvddyFwZTvSsNB1A**,2021-10-09T15:15:52Z
7lcq5mmvddyQ-paHK2fwDA**,2021-10-09T15:14:49Z
7lcq5mmvddwHj4l3nl_vVw**,2021-10-09T15:21:27Z
7lcq5mmvddz6prlYcEtMJA**,2021-10-09T18:36:11Z
7lcq5mmvddw_aioRkmV5TQ**,2021-10-09T15:27:10Z
7lcq5mmvddwemMMF1SpUbg**,2021-10-09T15:25:12Z
7lcq5mmvddyWkD5Udo30CQ**,2021-10-09T15:34:27Z
7lcq5mmvddyxV41MZWDrfg**,2021-10-09T15:37:31Z
7lcq5mmvddz-HNH87r5F_w**,2021-10-09T15:55:15Z
7lcq5mmvddxCC-AyPhibEA**,2021-10-09T15:50:13Z
7lcq5mmvddwGF7LWZKpXxw**,2021-10-09T16:19:44Z
7lcq5mmvddy8VbEWPrHXJQ**,2021-10-09T16:14:49Z
7lcq5mmvddzyjQToe8iTUg**,2021-10-09T16:15:27Z
7lcq5mmvddyvZpUfVug5gQ**,2021-10-09T16:28:23Z
7lcq5mmvddxDjvDefIqL_Q**,2021-10-09T16:32:12Z
7lcq5mmvddyEpCyRWqA_rQ**,2021-10-09T16:33:20Z
7lcq5mmvddxAzEGf89t6XA**,2021-10-09T16:34:04Z
7lcq5mmvddwHHPy2NhbCZA**,2021-10-09T17:05:06Z
7lcq5mmvddzP9ZREBzHFJg**,2021-10-09T17:44:53Z
7lcq5mmvddz_4qa3kHvw2A**,2021-10-09T17:39:32Z
7lcq5mmvddxGfeAwOczm5A**,2021-10-09T17:52:10Z
7lcq5mmvddzD8lR5-8G4CA**,2021-10-09T18:14:06Z
7lcq5mmvddwEYiei9TCKOQ**,2021-10-09T18:17:57Z
7lcq5mmvddzUUWCgPbbB8g**,2021-10-09T18:26:45Z
7lcq5mmvddz82HGueRVK3A**,2021-10-09T18:34:46Z
7lcq5mmvddxt-xEThxzHbw**,2021-10-09T18:46:45Z
7lcq5mmvddwXQrp0UaV6rA**,2021-10-09T19:04:04Z
7lcq5mmvddw4tyNm7TYcAw**,2021-10-09T19:03:36Z
7lcq5mmvddzy6jgDjr_Gjg**,2021-10-09T19:19:29Z
7lcq5mmvddxp7r59EIdrnA**,2021-10-09T19:10:28Z
7lcq5mmvddwWsAYnWXuA7Q**,2021-10-09T19:19:06Z
7lcq5mmvddz5WFBNffhixw**,2021-10-09T19:16:21Z
7lcq5mmvddxwCWtZod_D6Q**,2021-10-09T19:34:38Z
7lcq5mmvddwK6f9F9yYYUw**,2021-10-09T19:22:21Z
7lcq5mmvddzFeHKR0Qhr2g**,2021-10-09T19:25:15Z
7lcq5mmvddw7l5VWXoxGOg**,2021-10-09T19:30:30Z
7lcq5mmvddzT8CGHE4cjWw**,2021-10-09T19:47:34Z
7lcq5mmvddy4sFWP_rrDIw**,2021-10-09T20:13:17Z
7lcq5mmvddwdiGIF40QNYw**,2021-10-09T20:10:23Z
7lcq5mmvddy-MSNPAyObSg**,2021-10-09T20:16:58Z
7lcq5mmvddyBfr90vS5FQg**,2021-10-09T20:21:43Z
7lcq5mmvddwXiL3Qm7T43w**,2021-10-09T20:26:52Z
7lcq5mmvddzf1-raCgTnCg**,2021-10-09T20:41:11Z
7lcq5mmvddxOiBj-8d-S1A**,2021-10-09T21:10:19Z
7lcq5mmvddy5tspZh7VhrQ**,2021-10-09T22:07:50Z
7lcq5mmvddxQcBNu52ifnQ**,2021-10-09T22:14:00Z
7lcq5mmvddxl0wDEOKQHGg**,2021-10-09T21:57:29Z
7lcq5mmvddydGMG__xvXJw**,2021-10-09T22:46:07Z
7lcq5mmvddxxA-WGCWKH7g**,2021-10-09T22:51:06Z
7lcq5mmvddzm445q64HACg**,2021-10-09T23:10:43Z
7lcq5mmvddwMEiVfpwF3aw**,2021-10-09T23:12:33Z
7lcq5mmvddxwqJK1kUUnLg**,2021-10-09T23:16:30Z
7lcq5mmvddylwicuSUUlsg**,2021-10-09T23:14:53Z
7lcq5mmvddzBSBoMR_4qtg**,2021-10-09T23:17:02Z
7lcq5mmvddwEPxMmQaSu_g**,2021-10-09T23:20:22Z
7lcq5mmvddydHJ3TC_4RqA**,2021-10-09T23:37:09Z
7lcq5mmvddxAYN9w_dDT9w**,2021-10-09T23:58:32Z
7lcq5mmvddxXtoHj9-qOLw**,2021-10-10T00:44:19Z
7lcq5mmvddxRvhCl_Gyu1Q**,2021-10-10T00:49:17Z
7lcq5mmvddyjuI2HUGHAWg**,2021-10-10T01:08:48Z
7lcq5mmvddzP0Hsj0No-ig**,2021-10-10T01:39:37Z
7lcq5mmvddwIr088mRTBrw**,2021-10-10T01:48:55Z
7lcq5mmvddxpvL2EOY3TBg**,2021-10-10T01:47:04Z
7lcq5mmvddwLCteY9OuX6A**,2021-10-10T01:59:11Z
7lcq5mmvddx5SZpzmtequg**,2021-10-10T01:59:25Z
7lcq5mmvddzHba0d8e7uLg**,2021-10-10T02:35:38Z
7lcq5mmvddyAA_cHczPbjA**,2021-10-10T03:12:36Z
7lcq5mmvddzaMi41iLD8mQ**,2021-10-10T03:02:24Z
7lcq5mmvddwRSWItgmYAoA**,2021-10-10T03:08:37Z
7lcq5mmvddw1eQxoDlE-BA**,2021-10-10T03:21:25Z
7lcq5mmvddz9qIhyGBIvlA**,2021-10-10T04:04:01Z
7lcq5mmvddyo3sSdv86eLw**,2021-10-10T03:26:33Z
7lcq5mmvddxuJOoEc9CEsw**,2021-10-10T03:23:39Z
7lcq5mmvddzK25yYrjksqQ**,2021-10-10T03:41:15Z
7lcq5mmvddySKrV6AQicxA**,2021-10-10T03:58:59Z
7lcq5mmvddy8IRPxhyfIoQ**,2021-10-10T03:54:01Z
7lcq5mmvddwskSRfHOGpXg**,2021-10-10T05:14:58Z
7lcq5mmvddzy_m41oVDOLw**,2021-10-10T04:49:17Z
7lcq5mmvddwnxn-wHrA4xA**,2021-10-10T05:09:07Z
7lcq5mmvddwEHs3g7dc_FQ**,2021-10-10T06:43:54Z
7lcq5mmvddzU3rOQRQZgIQ**,2021-10-10T07:02:21Z
7lcq5mmvddzyjIf2rVcoTg**,2021-10-10T07:02:47Z
7lcq5mmvddxba4DqLY2log**,2021-10-10T08:36:16Z
7lcq5mmvddwb-iZp7yThTQ**,2021-10-10T09:06:12Z
7lcq5mmvddwXn0lPZ6ElPw**,2021-10-10T10:01:23Z
7lcq5mmvddwGrxus19wbkg**,2021-10-10T10:21:56Z
7lcq5mmvddzpHIhG5T1ryA**,2021-10-10T11:37:00Z
7lcq5mmvddz7vbdJgJ3GDg**,2021-10-10T11:24:46Z
7lcq5mmvddxFAOxAqgsYNw**,2021-10-10T11:57:29Z
7lcq5mmvddxcBZRFDTXe1w**,2021-10-10T12:07:15Z
7lcq5mmvddxfR2HV0o3VBw**,2021-10-10T12:46:15Z
7lcq5mmvddzBDQww3bKB9w**,2021-10-10T12:55:47Z
7lcq5mmvddwfj5BskNbBWw**,2021-10-10T13:00:02Z
7lcq5mmvddwuE_SKT3g2aw**,2021-10-10T13:07:15Z
7lcq5mmvddw5n2c72lM2LQ**,2021-10-10T13:37:59Z
7lcq5mmvddxgxDmNORRsjQ**,2021-10-10T13:53:04Z
7lcq5mmvddzgqmmVEVT1_A**,2021-10-10T14:06:16Z
7lcq5mmvddy2-tJNfQyglw**,2021-10-10T14:11:30Z
7lcq5mmvddzYIF2HJYRDvw**,2021-10-10T14:51:27Z
7lcq5mmvddzcenDsHllpOA**,2021-10-10T14:45:49Z
7lcq5mmvddwfOAXUBsOfSw**,2021-10-10T14:47:23Z
7lcq5mmvddx3hBoAX5hEhA**,2021-10-10T14:53:03Z
7lcq5mmvddwVY2Cpdn3kyw**,2021-10-10T14:57:36Z
7lcq5mmvddzCm--UYeEtDA**,2021-10-10T15:04:14Z
7lcq5mmvddx6ni2ZpNTO5A**,2021-10-10T15:03:55Z
7lcq5mmvddyMAMscTvIopw**,2021-10-10T15:22:11Z
7lcq5mmvddyGLLoLgEkP8Q**,2021-10-10T15:32:10Z
7lcq5mmvddzUa-_qAF3D3w**,2021-10-10T16:38:11Z
7lcq5mmvddzfX-0VqFx71Q**,2021-10-10T15:42:40Z
7lcq5mmvddyGfh0eU_WxDw**,2021-10-10T15:48:20Z
7lcq5mmvddw-GKuAbxJMEg**,2021-10-10T16:02:08Z
7lcq5mmvddyrZp85sfnkjg**,2021-10-10T16:09:36Z
7lcq5mmvddz5DSYsKcY-aw**,2021-10-10T16:46:48Z
7lcq5mmvddwYeuNUMYIx3A**,2021-10-10T16:43:43Z
7lcq5mmvddwtzjH0cDn1Ug**,2021-10-10T16:59:06Z
7lcq5mmvddwFS0r_7hST2w**,2021-10-10T17:10:19Z
7lcq5mmvddz8Ze8bIUUing**,2021-10-10T17:06:58Z
7lcq5mmvddxlvHiRHlw-PA**,2021-10-10T17:07:18Z
7lcq5mmvddzwYlj_SSkhug**,2021-10-10T17:34:02Z
7lcq5mmvddxBf_g1A3Y5mw**,2021-10-10T17:53:06Z
7lcq5mmvddxCnv25rwYxnA**,2021-10-10T17:54:06Z
7lcq5mmvddyKTUKCvPDFQA**,2021-10-10T18:20:03Z
7lcq5mmvddwsKijsXplP-A**,2021-10-10T18:08:24Z
7lcq5mmvddzgjdVdTA0lFQ**,2021-10-10T18:44:12Z
7lcq5mmvddx8c7w4jbkZFg**,2021-10-10T18:52:17Z
7lcq5mmvddwCcyKqbuU-Ag**,2021-10-10T19:14:43Z
7lcq5mmvddxsI5oa0JpfxA**,2021-10-10T19:21:08Z
7lcq5mmvddy_94aSTWDezA**,2021-10-10T19:27:46Z
7lcq5mmvddzrEVVv1bw1Sg**,2021-10-10T19:45:55Z
7lcq5mmvddxBh7jqlQFeRQ**,2021-10-10T20:03:15Z
7lcq5mmvddzE51vQJpN9sQ**,2021-10-10T20:27:25Z
7lcq5mmvddyx5hrJxwGjmA**,2021-10-10T20:23:17Z
7lcq5mmvddxOB-Iz-ufoCA**,2021-10-10T20:43:38Z
7lcq5mmvddz3q1j2t1GHqg**,2021-10-10T21:01:16Z
7lcq5mmvddz2o68ihFILRA**,2021-10-10T20:59:47Z
7lcq5mmvddwXXDgmbxMJFQ**,2021-10-10T20:58:54Z
7lcq5mmvddys4qzkUlGkyw**,2021-10-10T21:23:02Z
7lcq5mmvddzlmWR1zdao0A**,2021-10-10T21:20:52Z
7lcq5mmvddyuPBauo7hYbQ**,2021-10-10T21:25:35Z
7lcq5mmvddxgywn_TW9x3Q**,2021-10-10T21:33:26Z
7lcq5mmvddyBklJRpLhDBQ**,2021-10-11T01:05:40Z
7lcq5mmvddwkIFi0pfhIkA**,2021-10-10T21:51:28Z
7lcq5mmvddzBBnJwVAv-1w**,2021-10-10T21:56:35Z
7lcq5mmvddzgtAsyKFHD7w**,2021-10-10T22:03:29Z
7lcq5mmvddylds_tf-JUJg**,2021-10-10T22:09:42Z
7lcq5mmvddzH4qKd11_kAg**,2021-10-10T22:04:56Z
7lcq5mmvddxOwkaTzmutBA**,2021-10-11T00:06:58Z
7lcq5mmvddwIqSh_rx209w**,2021-10-10T22:22:53Z
7lcq5mmvddyhLgNadHU4ug**,2021-10-10T22:35:32Z
7lcq5mmvddyvTJIlMNz3vA**,2021-10-10T22:48:28Z
7lcq5mmvddyPWBwF3rKWlw**,2021-10-10T22:54:32Z
7lcq5mmvddyQQQEDxmGsCA**,2021-10-10T23:19:53Z
7lcq5mmvddxAJAfod-e3ww**,2021-10-11T00:23:23Z
7lcq5mmvddydla2inwGwkQ**,2021-10-11T00:26:51Z
7lcq5mmvddxhuavWtpIVSA**,2021-10-11T06:38:22Z
7lcq5mmvddwPMUJGdCQ8iw**,2021-10-11T00:41:41Z
7lcq5mmvddxZjPleuDJeHw**,2021-10-11T00:46:39Z
7lcq5mmvddzuVQd_-Ph9Tg**,2021-10-11T00:58:26Z
7lcq5mmvddxaBJqHT23zJw**,2021-10-11T01:06:06Z
7lcq5mmvddyVv8Wrc58oPA**,2021-10-11T01:10:08Z
7lcq5mmvddwf5ocfL_vRzg**,2021-10-11T01:10:43Z
7lcq5mmvddwUI9h7jfIIyA**,2021-10-11T01:26:24Z
7lcq5mmvddx2WEu2oDnwdQ**,2021-10-11T01:29:04Z
7lcq5mmvddzlkOQQvUdgWw**,2021-10-11T01:32:20Z
7lcq5mmvddwmCl7qqQnhnw**,2021-10-11T01:41:28Z
7lcq5mmvddwLmcZavRF9Bg**,2021-10-11T01:49:55Z
7lcq5mmvddz9EQ3D66nymQ**,2021-10-11T01:54:49Z
7lcq5mmvddyR_koKDObxPg**,2021-10-11T02:05:23Z
7lcq5mmvddwwgViL8joSxg**,2021-10-11T02:06:07Z
7lcq5mmvddxufatjgR9ZQA**,2021-10-11T02:19:05Z
7lcq5mmvddwArSWIQtNLGA**,2021-10-11T02:30:35Z
7lcq5mmvddwxAOwmy7k0nw**,2021-10-11T02:35:31Z
7lcq5mmvddxtZgHvZytEHg**,2021-10-11T02:34:43Z
7lcq5mmvddwoBQlgecSqMw**,2021-10-11T02:53:04Z
7lcq5mmvddzrRgvihWKeCg**,2021-10-11T02:50:18Z
7lcq5mmvddyiEDO04_LREg**,2021-10-11T02:51:30Z
7lcq5mmvddznaw5gHoXUaQ**,2021-10-11T03:23:45Z
7lcq5mmvddyY-tA3P-DyxQ**,2021-10-11T03:35:28Z
7lcq5mmvddxertzY8nJiSg**,2021-10-11T03:58:11Z
7lcq5mmvddzsi971sZPRhg**,2021-10-11T04:10:06Z
7lcq5mmvddwKhtZVwyKmNw**,2021-10-11T04:00:55Z
7lcq5mmvddzkl32JxAIHcQ**,2021-10-11T04:03:02Z
7lcq5mmvddxJKSmX08hjrg**,2021-10-11T04:09:41Z
7lcq5mmvddwZO3kpVWK4Hw**,2021-10-11T04:35:43Z
7lcq5mmvddwlv8H1noPVFg**,2021-10-11T04:45:45Z
7lcq5mmvddzbf8omCQ2ZSg**,2021-10-11T04:46:36Z
7lcq5mmvddxtfRIoNZfBMA**,2021-10-11T04:49:05Z
7lcq5mmvddw2Oh-VQzQ_sg**,2021-10-11T04:59:26Z
7lcq5mmvddzJujvyOi1pcg**,2021-10-11T05:12:50Z
7lcq5mmvddzORzkDku364Q**,2021-10-11T05:27:08Z
7lcq5mmvddxtfRDEZ1ixow**,2021-10-11T05:38:24Z
7lcq5mmvddzD4TsOXsi-zA**,2021-10-11T05:34:18Z
7lcq5mmvddyD8dBwaABw_Q**,2021-10-11T05:36:32Z
7lcq5mmvddyuXD4pWJ-ZyA**,2021-10-11T06:23:05Z
7lcq5mmvddxDckU84NTuQQ**,2021-10-11T07:00:34Z
7lcq5mmvddwsXLMuEJANjg**,2021-10-11T07:41:37Z
7lcq5mmvddzdmK0HeoPSNw**,2021-10-11T08:37:24Z
7lcq5mmvddw8Da-2zS6oDg**,2021-10-11T08:51:39Z
7lcq5mmvddzXyZB4L7zyRA**,2021-10-11T09:54:54Z
7lcq5mmvddwcuo5HU8LWLw**,2021-10-11T10:07:04Z
7lcq5mmvddy8qZWAojAbig**,2021-10-11T11:03:09Z
7lcq5mmvddw82SQxVKXT6g**,2021-10-11T11:42:36Z
7lcq5mmvddxxVSIUnoygqA**,2021-10-11T11:26:00Z
7lcq5mmvddy5NCbKw20hFQ**,2021-10-11T12:29:08Z
7lcq5mmvddwM-A6_ah8UNw**,2021-10-11T12:41:47Z
7lcq5mmvddyjh5SmrZ0zZg**,2021-10-11T13:32:49Z
7lcq5mmvddyvW12xe1nAkA**,2021-10-11T13:06:58Z
7lcq5mmvddzgYs1dXKJ0aw**,2021-10-11T14:37:43Z
7lcq5mmvddyTHDDJv52F_w**,2021-10-11T13:46:26Z
7lcq5mmvddxp_g3Vys4E9w**,2021-10-11T13:56:22Z
7lcq5mmvddxlWY-NBEs5oA**,2021-10-11T14:03:56Z
7lcq5mmvddzUAd0HyUYRCw**,2021-10-11T14:02:36Z
7lcq5mmvddwhAfNVcViHsg**,2021-10-11T14:13:34Z
7lcq5mmvddxHzzBM_Ij-mA**,2021-10-11T14:15:26Z
7lcq5mmvddzXwBEUQcUvew**,2021-10-11T15:00:01Z
7lcq5mmvddwrW2ytNEnugw**,2021-10-11T14:45:17Z
7lcq5mmvddxWHhyyMQ4k2w**,2021-10-11T14:40:50Z
7lcq5mmvddyK_EVu-NV4bA**,2021-10-11T14:56:40Z
7lcq5mmvddyvVAF3lm60OA**,2021-10-11T15:07:44Z
7lcq5mmvddwi9V7OGSpiGA**,2021-10-11T15:06:38Z
7lcq5mmvddw-XktG6az0wQ**,2021-10-11T15:20:02Z
7lcq5mmvddwYKWqKaEWd9g**,2021-10-11T15:39:06Z
7lcq5mmvddzph-A8g4b2VQ**,2021-10-11T15:35:24Z
7lcq5mmvddzU2oTJjrraEw**,2021-10-11T15:35:33Z
7lcq5mmvddxCkVxfEEi1uw**,2021-10-11T15:55:16Z
7lcq5mmvddxQ3eXaYPv5ug**,2021-10-11T15:47:48Z
7lcq5mmvddzCdTPsWboRZg**,2021-10-11T16:02:55Z
7lcq5mmvddyeF2OOouFtiQ**,2021-10-11T16:43:50Z
7lcq5mmvddyoTQbzSK17hg**,2021-10-11T16:47:12Z
7lcq5mmvddy4FkUbRn5P6w**,2021-10-11T17:41:44Z
7lcq5mmvddzpI6leLE0Nvw**,2021-10-11T17:59:25Z
7lcq5mmvddyDLRcJFjK0mg**,2021-10-11T18:26:20Z
7lcq5mmvddzxDdPJU2gnGw**,2021-10-11T18:46:51Z
7lcq5mmvddzRwcpH_ESbKg**,2021-10-11T18:51:32Z
7lcq5mmvddzb_LmEjfMbaQ**,2021-10-11T19:19:51Z
7lcq5mmvddzMVfapPAat6g**,2021-10-11T19:39:58Z
7lcq5mmvddy71d7kbDUm9A**,2021-10-11T19:41:18Z
7lcq5mmvddyyC8T60a90cg**,2021-10-11T19:54:36Z
7lcq5mmvddyj20oTvt7dEw**,2021-10-11T19:47:31Z
7lcq5mmvddxhtyuouoBDHw**,2021-10-11T20:16:08Z
7lcq5mmvddx-Vr9A6rnstw**,2021-10-11T20:22:44Z
7lcq5mmvddydzzOv8hCTjw**,2021-10-11T20:26:38Z
7lcq5mmvddwj87YNdpMv7g**,2021-10-11T20:35:08Z
7lcq5mmvddx_EhFF6qzrNw**,2021-10-11T20:42:43Z
7lcq5mmvddznzZFpB8eIFA**,2021-10-11T20:54:07Z
7lcq5mmvddzmP-O5X7xXSg**,2021-10-11T21:15:49Z
7lcq5mmvddwaU3y-TdNtkg**,2021-10-11T21:30:14Z
7lcq5mmvddyosG6tiJ8xtg**,2021-10-11T21:44:20Z
7lcq5mmvddxLxdAI28qpPQ**,2021-10-11T21:50:13Z
7lcq5mmvddy6vvJ5uRbrLg**,2021-10-11T21:56:25Z
7lcq5mmvddwpBC0oT-Zepw**,2021-10-11T22:02:05Z
7lcq5mmvddwBKtOZmnuh-g**,2021-10-11T22:08:01Z
7lcq5mmvddyxvwM8XzBNGA**,2021-10-11T22:19:35Z
7lcq5mmvddwF60uLil2m9w**,2021-10-11T22:39:13Z
7lcq5mmvddwhGFa0p3E1aQ**,2021-10-11T22:46:45Z
7lcq5mmvddxoN1K9_VNyqA**,2021-10-11T22:45:18Z
7lcq5mmvddz4U6RDXhO--g**,2021-10-11T22:49:43Z
7lcq5mmvddyKQ1FeClbClw**,2021-10-11T22:58:41Z
7lcq5mmvddx9-PgLnTpjuA**,2021-10-11T23:12:25Z
7lcq5mmvddzLcsRAXfrSAw**,2021-10-11T23:41:22Z
7lcq5mmvddxbqs8mjCmijQ**,2021-10-11T23:26:48Z
7lcq5mmvddzdu7FyX5OSBw**,2021-10-11T23:37:17Z
7lcq5mmvddy2hJk_kGg5qA**,2021-10-11T23:49:05Z
7lcq5mmvddzrJQ4NtgZ8Kg**,2021-10-11T23:50:32Z
7lcq5mmvddymFWXlBkPmlQ**,2021-10-12T00:02:04Z
7lcq5mmvddy_IM2hlwPDVA**,2021-10-12T00:14:38Z
7lcq5mmvddwdVF44cvTTyQ**,2021-10-12T00:17:02Z
7lcq5mmvddzHA1tA8W_NQg**,2021-10-12T00:56:12Z
7lcq5mmvddz5k4LcAb3oYA**,2021-10-12T00:20:11Z
7lcq5mmvddy3GT27AOvVZw**,2021-10-12T00:28:26Z
7lcq5mmvddxUne5GkcWlqQ**,2021-10-12T00:41:31Z
7lcq5mmvddxVR3BOEoIuNw**,2021-10-12T00:46:15Z
7lcq5mmvddxYIfPx_QDRcQ**,2021-10-12T00:56:19Z
7lcq5mmvddzZBDeYgG6uLg**,2021-10-12T01:17:56Z
7lcq5mmvddxXFUNmOygLqA**,2021-10-12T01:27:16Z
7lcq5mmvddzPgGJVNph5Rg**,2021-10-12T01:26:19Z
7lcq5mmvddzcJ4gkoS8yYg**,2021-10-12T02:05:51Z
7lcq5mmvddxqr1jsJQI_nw**,2021-10-12T01:56:33Z
7lcq5mmvddyuRB_MqM6-Tg**,2021-10-12T01:52:49Z
7lcq5mmvddzXx9v_k4XSbg**,2021-10-12T01:56:14Z
7lcq5mmvddwWQOTa23OU_g**,2021-10-12T01:59:05Z
7lcq5mmvddx-lJXE_IGgFg**,2021-10-12T02:10:58Z
7lcq5mmvddyLskVLs5kjDg**,2021-10-12T02:19:52Z
7lcq5mmvddywBboHKeDPcQ**,2021-10-12T02:36:54Z
7lcq5mmvddxocwVM4e_JEA**,2021-10-12T02:19:53Z
7lcq5mmvddwXaJajGKmmoQ**,2021-10-12T03:12:45Z
7lcq5mmvddzC6O0q1U4VvQ**,2021-10-12T02:47:25Z
7lcq5mmvddx5c912UIfzJA**,2021-10-12T02:51:14Z
7lcq5mmvddxHIuIihDiLwA**,2021-10-12T02:52:43Z
7lcq5mmvddydqniCZUU2PQ**,2021-10-12T03:10:24Z
7lcq5mmvddwDz8d1T6q5pw**,2021-10-12T02:57:48Z
7lcq5mmvddy3c2TfIW7Hbg**,2021-10-12T03:18:35Z
7lcq5mmvddw0iCK0YnaCXg**,2021-10-12T03:19:22Z
7lcq5mmvddzsPz2qzjeeEw**,2021-10-12T03:34:37Z
7lcq5mmvddyglUUx0e6caw**,2021-10-12T03:33:19Z
7lcq5mmvddy60Cc2LZf26Q**,2021-10-12T03:29:22Z
7lcq5mmvddxOCO-YBmIBnQ**,2021-10-12T03:44:30Z
7lcq5mmvddzNY-6DHoNJAg**,2021-10-12T03:46:41Z
7lcq5mmvddwiuQq-c-Ymww**,2021-10-12T04:01:28Z
7lcq5mmvddw8Fjq57S6ZAA**,2021-10-12T04:14:51Z
7lcq5mmvddye-4BodJ61NA**,2021-10-12T04:27:01Z
7lcq5mmvddwQ4FDX8zjq7A**,2021-10-12T04:29:30Z
7lcq5mmvddyL5_fgFB9L-A**,2021-10-12T04:29:05Z
7lcq5mmvddw0PhRKPPhdAg**,2021-10-12T04:39:16Z
7lcq5mmvddwNSl7iubMlzA**,2021-10-12T04:40:54Z
7lcq5mmvddyW0u_vP7OBBg**,2021-10-12T04:44:58Z
7lcq5mmvddzmgc5FF3u__A**,2021-10-12T04:48:04Z
7lcq5mmvddwZFi9b-WiJbw**,2021-10-12T04:49:16Z
7lcq5mmvddx4GUf1jZRE6A**,2021-10-12T04:47:07Z
7lcq5mmvddy6DO5UO9fARQ**,2021-10-12T04:54:45Z
7lcq5mmvddy_osukHUidLA**,2021-10-12T05:00:41Z
7lcq5mmvddzKQMLgr18zTQ**,2021-10-12T05:03:15Z
7lcq5mmvddzuvh31wjwFPw**,2021-10-12T05:09:32Z
7lcq5mmvddx85rZVp0CTKw**,2021-10-12T05:15:37Z
7lcq5mmvddxLpg79Ma-Pgw**,2021-10-12T05:18:09Z
7lcq5mmvddyV0wVEpaG5zg**,2021-10-12T05:49:29Z
7lcq5mmvddxNDSJnI4R2Qw**,2021-10-12T05:52:39Z
7lcq5mmvddzst2CbwjBAaw**,2021-10-12T05:56:59Z
7lcq5mmvddzvovynhMrtng**,2021-10-12T05:57:34Z
7lcq5mmvddwFVZ5zrxjmMQ**,2021-10-12T05:55:16Z
7lcq5mmvddxPh9IDjos_AA**,2021-10-12T07:19:56Z
7lcq5mmvddy9m4A9WZtkYw**,2021-10-12T07:48:34Z
7lcq5mmvddyN3RDEPuxkhw**,2021-10-12T08:01:08Z
7lcq5mmvddyRwh-1HGgAyg**,2021-10-12T08:15:13Z
7lcq5mmvddwlD7Uj2Z3KmQ**,2021-10-12T08:14:59Z
7lcq5mmvddxZZk17SeoUdg**,2021-10-12T08:26:36Z
7lcq5mmvddybHE_kkhALzg**,2021-10-12T08:50:18Z
7lcq5mmvddwtofCzQjVvlg**,2021-10-12T08:39:49Z
7lcq5mmvddy4qfea7__flA**,2021-10-12T08:51:12Z
7lcq5mmvddy2czhZssCelw**,2021-10-12T09:00:46Z
7lcq5mmvddzNe8EBF0SQeQ**,2021-10-12T09:20:16Z
7lcq5mmvddweCKh-qi63LA**,2021-10-12T09:41:54Z
7lcq5mmvddzkuKv0wDupVg**,2021-10-12T09:56:45Z
7lcq5mmvddyKL7j1Piiuxw**,2021-10-12T09:59:47Z
7lcq5mmvddwiH6twSPH6CA**,2021-10-12T10:14:45Z
7lcq5mmvddxtsDIPgzfVPQ**,2021-10-12T10:20:47Z
7lcq5mmvddw7gdqdta6OSw**,2021-10-12T10:28:01Z
7lcq5mmvddxiJjmWMXrpWA**,2021-10-12T10:32:37Z
7lcq5mmvddzg6oy3SD6avw**,2021-10-12T10:32:38Z
7lcq5mmvddwgdRBLN8X7hw**,2021-10-12T10:33:18Z
7lcq5mmvddyizTJI9CDX8Q**,2021-10-12T10:39:10Z
7lcq5mmvddxWCbE2VhSe5Q**,2021-10-12T10:43:11Z
7lcq5mmvddxIQ0APFwySVw**,2021-10-12T10:46:11Z
7lcq5mmvddyoOT3cDAghtw**,2021-10-12T10:57:24Z
7lcq5mmvddyKqU3s7MsGbQ**,2021-10-12T11:00:13Z
7lcq5mmvddzLrOtCbhA8aA**,2021-10-12T11:09:24Z
7lcq5mmvddwSIsKvazw8Rw**,2021-10-12T10:59:45Z
7lcq5mmvddzlo7lxufY0_w**,2021-10-12T10:59:26Z
7lcq5mmvddxjdQbPKzuKQw**,2021-10-12T11:02:05Z
7lcq5mmvddx4WfHU80Ceog**,2021-10-12T11:38:43Z
7lcq5mmvddz2uCJJv0PP-g**,2021-10-12T11:49:30Z
7lcq5mmvddxBF8CfVS80Pw**,2021-10-12T12:27:01Z
7lcq5mmvddwSi-386v3hIw**,2021-10-12T12:41:24Z
7lcq5mmvddx2QSJEJo0SPw**,2021-10-12T13:02:29Z
7lcq5mmvddz7k1ieNqlEMQ**,2021-10-12T13:05:04Z
7lcq5mmvddwQlfk4lpGOVQ**,2021-10-12T13:41:03Z
7lcq5mmvddx9JW2YlM3ilw**,2021-10-12T13:46:27Z
7lcq5mmvddz4aBD2ewjvQQ**,2021-10-12T13:47:36Z
7lcq5mmvddyiheiNbXh5nQ**,2021-10-12T13:51:55Z
7lcq5mmvddyQK4smyFBl5g**,2021-10-12T14:07:43Z
7lcq5mmvddzte46h1umMVg**,2021-10-12T14:02:26Z
7lcq5mmvddyZ5JoEofy26g**,2021-10-12T14:08:28Z
7lcq5mmvddxwn2uqNCLCaQ**,2021-10-12T14:19:26Z
7lcq5mmvddzT3T6Bg4Zg0A**,2021-10-12T14:18:29Z
7lcq5mmvddy9ZSGpqPihiA**,2021-10-12T14:28:13Z
7lcq5mmvddx3_VnWtuWP2g**,2021-10-12T14:27:28Z
7lcq5mmvddxeuKP1oABGtg**,2021-10-12T14:37:21Z
7lcq5mmvddxriPWKCAIjsg**,2021-10-12T14:30:17Z
7lcq5mmvddyGsOJNIqmnLQ**,2021-10-12T14:47:12Z
7lcq5mmvddzEUp16bbaCyA**,2021-10-12T14:50:11Z
7lcq5mmvddwKCnZMuqDC-w**,2021-10-12T14:50:05Z
7lcq5mmvddyX9wZJZ0Aw-A**,2021-10-12T15:09:46Z
7lcq5mmvddyuFX6Yj4kRtQ**,2021-10-12T15:15:54Z
7lcq5mmvddxqw8tCWm5FAw**,2021-10-12T15:33:37Z
7lcq5mmvddwpLDP6RXVhSw**,2021-10-12T15:37:59Z
7lcq5mmvddzCcwSKFdt9EA**,2021-10-12T15:39:59Z
7lcq5mmvddwUD7SqL2tJKA**,2021-10-12T15:57:32Z
7lcq5mmvddzjeAogBLw95Q**,2021-10-12T15:52:51Z
7lcq5mmvddz4nmv26DLb2A**,2021-10-12T15:53:05Z
7lcq5mmvddzwhFEmwX-X4A**,2021-10-12T15:52:22Z
7lcq5mmvddzNoKJ38ZpdgQ**,2021-10-12T15:55:47Z
7lcq5mmvddwnKHDLAqOZTg**,2021-10-12T16:08:18Z
7lcq5mmvddy_Uj8Jicjw3g**,2021-10-12T15:59:14Z
7lcq5mmvddw_4Bjz4yVu6Q**,2021-10-12T16:10:08Z
7lcq5mmvddxEd8peSG0X4Q**,2021-10-12T16:35:56Z
7lcq5mmvddyBh2ALp4pfWg**,2021-10-12T16:24:54Z
7lcq5mmvddzXOucIIu1m1g**,2021-10-12T16:43:02Z
7lcq5mmvddyQOvDthagmHA**,2021-10-12T16:38:38Z
7lcq5mmvddx0yo3-T5KF7A**,2021-10-12T16:35:43Z
7lcq5mmvddw98QflR3XUdg**,2021-10-12T16:45:29Z
7lcq5mmvddypdbF2mL2GzQ**,2021-10-12T16:50:06Z
7lcq5mmvddyjKOU5vdbDng**,2021-10-12T16:55:36Z
7lcq5mmvddw7nIGRaoeOjw**,2021-10-12T17:01:14Z
7lcq5mmvddz27DtzDZkGAg**,2021-10-12T17:01:21Z
7lcq5mmvddzxEPds_QRloA**,2021-10-12T17:13:22Z
7lcq5mmvddw0e9CGGEnJyw**,2021-10-12T17:14:20Z
7lcq5mmvddz6oGyWzWZWKA**,2021-10-12T17:32:29Z
7lcq5mmvddzSzUPj0Af4pg**,2021-10-12T17:46:22Z
7lcq5mmvddy_a-pfKG7TxQ**,2021-10-12T18:30:52Z
7lcq5mmvddyLjGv6nhnlNQ**,2021-10-12T19:22:51Z
7lcq5mmvddxgcJvDQ-wqZw**,2021-10-12T18:50:54Z
7lcq5mmvddw-zuoeCgViYw**,2021-10-12T18:53:48Z
7lcq5mmvddzDNtrs0WaE5w**,2021-10-12T19:57:20Z
7lcq5mmvddzZYa46pFR3Gg**,2021-10-12T20:21:47Z
7lcq5mmvddzn4cWUHcCIqw**,2021-10-12T20:31:33Z
7lcq5mmvddwuZ05ViNtfvA**,2021-10-12T20:41:57Z
7lcq5mmvddx56OKrSTzZ7A**,2021-10-12T20:46:40Z
7lcq5mmvddxrfwifv_bUGQ**,2021-10-12T21:19:15Z
7lcq5mmvddzWhcxok9MZAw**,2021-10-12T21:25:04Z
7lcq5mmvddxvl4VEM281cA**,2021-10-12T21:45:35Z
7lcq5mmvddzw_twAShsSmA**,2021-10-12T22:39:42Z
7lcq5mmvddyt5_5bZfVxFQ**,2021-10-12T22:00:49Z
7lcq5mmvddya5xJ7kVkuvw**,2021-10-12T22:26:57Z
7lcq5mmvddxUcGyTIWA_cQ**,2021-10-12T22:47:08Z
7lcq5mmvddyDGs8T8FB3EA**,2021-10-12T23:11:40Z
7lcq5mmvddzgd5wN7npGQg**,2021-10-12T23:44:08Z
7lcq5mmvddz4_3cv5bugPA**,2021-10-12T23:24:07Z
7lcq5mmvddxH7XNWkPmPeA**,2021-10-12T23:42:22Z
7lcq5mmvddxXXh0kIguPWg**,2021-10-13T00:09:36Z
7lcq5mmvddxZpahErZLqng**,2021-10-13T00:05:39Z
7lcq5mmvddwCQAAEk_sB1Q**,2021-10-13T00:35:07Z
7lcq5mmvddz_G7azyVolbw**,2021-10-13T00:49:40Z
7lcq5mmvddyjfOlIZZFxnA**,2021-10-13T01:04:43Z
7lcq5mmvddxnp73-9I4C7A**,2021-10-13T01:21:27Z
7lcq5mmvddz5ME6A_5lL0w**,2021-10-13T01:40:01Z
7lcq5mmvddwuRxCqt3cPAA**,2021-10-13T01:38:08Z
7lcq5mmvddzSHmKvqpH4yQ**,2021-10-13T01:34:39Z
7lcq5mmvddw4DAjO8G317w**,2021-10-13T02:20:09Z
7lcq5mmvddxnNyDn8p5J3w**,2021-10-13T02:15:19Z
7lcq5mmvddwIpp464WW4eQ**,2021-10-13T03:09:24Z
7lcq5mmvddz5lrRZ7u_4tw**,2021-10-13T03:04:42Z
7lcq5mmvddxYBgZR6CB2Jw**,2021-10-13T03:09:59Z
7lcq5mmvddx9_Eneqkni3w**,2021-10-13T03:31:40Z
7lcq5mmvddwATMcIKfNLbQ**,2021-10-13T04:00:25Z
7lcq5mmvddzrHdr4nqI81g**,2021-10-13T03:52:38Z
7lcq5mmvddyhrmN5D26paA**,2021-10-13T03:54:11Z
7lcq5mmvddzGbtZuLTGMTA**,2021-10-13T04:01:39Z
7lcq5mmvddzyTxxCIDVGLA**,2021-10-13T04:02:34Z
7lcq5mmvddy0Svs0mQf4nQ**,2021-10-13T04:30:49Z
7lcq5mmvddzY5n3cMkmIRw**,2021-10-13T04:34:22Z
7lcq5mmvddyR2XLj1Mc5GQ**,2021-10-13T04:43:55Z
7lcq5mmvddwU5f47acRogw**,2021-10-13T04:41:51Z
7lcq5mmvddzxzpSrvie4zQ**,2021-10-13T05:06:15Z
7lcq5mmvddy2jXt_JdA6cQ**,2021-10-13T05:50:06Z
7lcq5mmvddwxrC-SAuqW2g**,2021-10-13T06:02:52Z
7lcq5mmvddxjZxJgMvOTig**,2021-10-13T07:26:00Z
7lcq5mmvddxpxuVAoAnlSA**,2021-10-13T07:38:50Z
7lcq5mmvddzIpKlLFvatGQ**,2021-10-13T07:56:50Z
7lcq5mmvddy-ZbvC-pFldA**,2021-10-13T09:58:24Z
7lcq5mmvddxvkP2llBjueQ**,2021-10-13T09:59:42Z
7lcq5mmvddyofz0qtuK8Iw**,2021-10-13T10:08:04Z
7lcq5mmvddwbAuxSaSsgCQ**,2021-10-13T11:29:19Z
7lcq5mmvddzjAkBryD89Qw**,2021-10-13T12:00:14Z
7lcq5mmvddyQSiFvMyIypg**,2021-10-13T12:37:02Z
7lcq5mmvddy2bLB76Knx9A**,2021-10-13T13:21:03Z
7lcq5mmvddyha0REqWHbyQ**,2021-10-13T13:23:56Z
7lcq5mmvddwwf0IcLxk06g**,2021-10-13T13:46:16Z
7lcq5mmvddy7cMuIlQSQ2w**,2021-10-13T14:03:51Z
7lcq5mmvddwbi4EHdg3c0A**,2021-10-13T14:49:55Z
7lcq5mmvddyPq0jducRpxA**,2021-10-13T15:00:34Z
7lcq5mmvddx74jaMKf5B3Q**,2021-10-13T15:24:12Z
7lcq5mmvddxHikPQver1kg**,2021-10-13T15:36:30Z
7lcq5mmvddyf_rRFhBhh7g**,2021-10-13T15:47:29Z
7lcq5mmvddzDALJlRRFWug**,2021-10-13T19:54:02Z
7lcq5mmvddyQHsmZAeCDDA**,2021-10-13T16:14:00Z
7lcq5mmvddymATFF_G7OqQ**,2021-10-13T16:56:02Z
7lcq5mmvddzwxtuQWCHVpQ**,2021-10-13T16:33:30Z
7lcq5mmvddz9O6rgQr40QQ**,2021-10-13T16:31:24Z
7lcq5mmvddxv-3oZklxEnQ**,2021-10-13T16:46:13Z
7lcq5mmvddw6-G9w28Ixrg**,2021-10-13T16:52:10Z
7lcq5mmvddxgMrJdIp0kZg**,2021-10-13T16:48:26Z
7lcq5mmvddzfy_ejj2w0fg**,2021-10-13T17:19:11Z
7lcq5mmvddwZOJo1q8A6bQ**,2021-10-13T17:28:03Z
7lcq5mmvddyaq5_Tb-BkeQ**,2021-10-13T17:25:51Z
7lcq5mmvddyurUJemOJYfg**,2021-10-13T17:31:32Z
7lcq5mmvddxfjVX2e0803Q**,2021-10-13T17:33:32Z
7lcq5mmvddwxXc_NvyCbnQ**,2021-10-13T17:38:23Z
7lcq5mmvddxVS-ADkLZ0QQ**,2021-10-13T23:59:55Z
7lcq5mmvddy4d2t5FDMnSw**,2021-10-13T19:41:32Z
7lcq5mmvddyLW0E2NXA32w**,2021-10-13T19:49:16Z
7lcq5mmvddx6JWFXy4B9hA**,2021-10-13T19:56:16Z
7lcq5mmvddwxwgy9MnsSlw**,2021-10-13T20:02:12Z
7lcq5mmvddyGKVJaP3k1GA**,2021-10-13T20:23:41Z
7lcq5mmvddw0AUQH34fejQ**,2021-10-13T20:26:34Z
7lcq5mmvddwZT8O95JTuNA**,2021-10-13T21:01:56Z
7lcq5mmvddyjeQJZ0uimKQ**,2021-10-13T21:12:00Z
7lcq5mmvddwa1gEgQ6nvIg**,2021-10-13T21:15:19Z
7lcq5mmvddx5XjIM_TLR-w**,2021-10-13T21:30:15Z
7lcq5mmvddypZ63CLs3cPw**,2021-10-13T21:49:56Z
7lcq5mmvddzjJxdsGkci_A**,2021-10-13T23:11:35Z
7lcq5mmvddz4pgYJNXI-fg**,2021-10-14T00:05:54Z
7lcq5mmvddzzMilb-jFd4w**,2021-10-13T23:54:46Z
7lcq5mmvddydOrfW5Jk2eg**,2021-10-14T00:27:07Z
7lcq5mmvddwMM93AtPn3Mw**,2021-10-14T00:44:23Z
7lcq5mmvddwYDktXYH3waQ**,2021-10-14T00:53:26Z
7lcq5mmvddx9dNdUKx3v_w**,2021-10-14T01:04:09Z
7lcq5mmvddxMH_NhhlT8IA**,2021-10-14T01:38:58Z
7lcq5mmvddzdaqp96SPXaQ**,2021-10-14T01:35:53Z
7lcq5mmvddw8Nt1BwUZw7g**,2021-10-14T02:21:23Z
7lcq5mmvddym6fatPAyCvg**,2021-10-14T02:27:34Z
7lcq5mmvddw7tK-CwR95KA**,2021-10-14T02:26:07Z
7lcq5mmvddw7ALFiUJYaxA**,2021-10-14T02:39:24Z
7lcq5mmvddyKrlpM7E31uQ**,2021-10-14T02:47:50Z
7lcq5mmvddxGecxJ_BqxDQ**,2021-10-14T02:53:16Z
7lcq5mmvddwB4AzxZwUGlg**,2021-10-14T02:51:32Z
7lcq5mmvddyIePpHSX9y7w**,2021-10-14T02:57:35Z
7lcq5mmvddyvAov7UFEAIg**,2021-10-14T02:57:33Z
7lcq5mmvddz84lib3F9Hmw**,2021-10-14T03:06:35Z
7lcq5mmvddyfncwgDL39tA**,2021-10-14T03:29:23Z
7lcq5mmvddz1-CYpwjKDfQ**,2021-10-14T03:39:45Z
7lcq5mmvddwtMiEYlOe-iA**,2021-10-14T03:48:02Z
7lcq5mmvddwJCCiglKbTnA**,2021-10-14T03:48:45Z
7lcq5mmvddyYJ3IIx21dHg**,2021-10-14T04:03:23Z
7lcq5mmvddwaiZwH8XUxjQ**,2021-10-14T04:03:05Z
7lcq5mmvddzQ1WuyhFsK-w**,2021-10-14T04:11:52Z
7lcq5mmvddzPHVtrgNMzBw**,2021-10-14T04:17:05Z
7lcq5mmvddzOienueTBwnw**,2021-10-14T04:41:18Z
7lcq5mmvddwFAObR4WABzw**,2021-10-14T04:56:41Z
7lcq5mmvddypceoFmTM__w**,2021-10-14T05:10:28Z
7lcq5mmvddyWTxkvOM9fLQ**,2021-10-14T05:32:34Z
7lcq5mmvddz6b7pEdp08-Q**,2021-10-14T05:36:24Z
7lcq5mmvddyp0E8BVKW8Jw**,2021-10-14T05:56:49Z
7lcq5mmvddxw57p-MNpsTQ**,2021-10-14T06:50:45Z
7lcq5mmvddxBI6qqvyb5yw**,2021-10-14T07:25:16Z
7lcq5mmvddxkAxlsK4Tv_w**,2021-10-14T07:35:06Z
7lcq5mmvddzoOIu6COr_Wg**,2021-10-14T09:40:18Z
7lcq5mmvddxuRxRw5Bk1vw**,2021-10-14T12:28:52Z
7lcq5mmvddz-Qv4_LcUN2A**,2021-10-14T13:27:08Z
7lcq5mmvddzBh8E6YaJO6g**,2021-10-14T13:58:03Z
7lcq5mmvddyQRtnOxUXAKw**,2021-10-14T14:08:27Z
7lcq5mmvddwcAMCKffPj7A**,2021-10-14T14:50:25Z
7lcq5mmvddxkum4-mSuqfg**,2021-10-14T14:52:02Z
7lcq5mmvddwu3AAuQuG4hg**,2021-10-14T15:00:02Z
7lcq5mmvddzdM_zqq8YT3A**,2021-10-14T15:14:12Z
7lcq5mmvddwL92ZTQ4eWSg**,2021-10-14T16:09:33Z
7lcq5mmvddxpU33qtMG2Ow**,2021-10-14T16:31:22Z
7lcq5mmvddznNbmmwo30LQ**,2021-10-14T16:51:10Z
7lcq5mmvddwflJVAlwFf2w**,2021-10-14T16:54:37Z
7lcq5mmvddyvfin2sAgl3g**,2021-10-14T17:53:35Z
7lcq5mmvddzqju1pfN4ObQ**,2021-10-14T18:00:09Z
7lcq5mmvddz-fJqK2eYNcQ**,2021-10-14T19:33:37Z
7lcq5mmvddxrHx4A5dnC6A**,2021-10-14T19:44:02Z
7lcq5mmvddyjabYStQe6gw**,2021-10-14T19:59:17Z
7lcq5mmvddwc7E5GmD9grQ**,2021-10-14T19:53:46Z
7lcq5mmvddxKQQLffh99MA**,2021-10-14T20:04:12Z
7lcq5mmvddyycHgEbIdNcQ**,2021-10-14T20:06:34Z
7lcq5mmvddy4w2oeFwuPKQ**,2021-10-14T20:47:18Z
7lcq5mmvddxKQoC04gOMhQ**,2021-10-14T20:16:08Z
7lcq5mmvddwXqK8F6tGsKA**,2021-10-14T20:13:04Z
7lcq5mmvddzskO7qxLDasA**,2021-10-14T20:16:03Z
7lcq5mmvddxcxY_fffxhyQ**,2021-10-14T21:02:47Z
7lcq5mmvddx0FhiKfYPuCQ**,2021-10-14T21:31:03Z
7lcq5mmvddxWQt1fNnT7Yw**,2021-10-14T21:48:59Z
7lcq5mmvddzPmvZgawdRgA**,2021-10-14T21:44:23Z
7lcq5mmvddyY6C9591uSWA**,2021-10-14T22:32:57Z
7lcq5mmvddzd_SiGMSlQJQ**,2021-10-14T22:32:11Z
7lcq5mmvddxuxjqE0i41mw**,2021-10-14T23:34:38Z
7lcq5mmvddyTWBSfUD4PuQ**,2021-10-15T00:33:52Z
7lcq5mmvddx3tNRrtIMNBg**,2021-10-15T00:31:45Z
7lcq5mmvddw9Ik7y61raLw**,2021-10-15T00:52:20Z
7lcq5mmvddxNKdw_z1ZYCA**,2021-10-15T00:56:43Z
7lcq5mmvddws8VzFU_v4lQ**,2021-10-15T00:49:25Z
7lcq5mmvddxnldhBbpghWg**,2021-10-15T01:55:38Z
7lcq5mmvddwGntco2pBd9A**,2021-10-15T02:10:33Z
7lcq5mmvddxvDLWHh3pDCQ**,2021-10-15T02:39:29Z
7lcq5mmvddwQ27vhOkdb6Q**,2021-10-15T03:32:22Z
7lcq5mmvddwnohmbD7hpOQ**,2021-10-15T04:19:30Z
7lcq5mmvddwFV3UVzQgZtA**,2021-10-15T04:27:49Z
7lcq5mmvddzPoQr56sP-mg**,2021-10-15T04:44:26Z
7lcq5mmvddwP3PUq8RBfnQ**,2021-10-15T05:06:38Z
7lcq5mmvddx6UmHoPfdp1w**,2021-10-15T05:27:43Z
7lcq5mmvddxnOsya2KWDag**,2021-10-15T05:37:00Z
7lcq5mmvddyBi8w7pmalCg**,2021-10-15T05:42:07Z
7lcq5mmvddwkDsSaR9wR0w**,2021-10-15T05:41:31Z
7lcq5mmvddwNzTy_913B8A**,2021-10-15T06:18:04Z
7lcq5mmvddyldcjc_Jas9w**,2021-10-15T06:29:41Z
7lcq5mmvddzaiR0plaP17w**,2021-10-15T07:19:21Z
7lcq5mmvddyyXd6-0sdGlQ**,2021-10-15T07:19:07Z
7lcq5mmvddzvKFjE9SP8iw**,2021-10-15T08:35:03Z
7lcq5mmvddwHe_mxFAzo7Q**,2021-10-15T10:30:25Z
7lcq5mmvddwcp9gHLc9IMg**,2021-10-15T10:45:08Z
7lcq5mmvddwXU6CBn2Wq6A**,2021-10-15T11:04:33Z
7lcq5mmvddzhQDDC4yFzYw**,2021-10-15T11:24:35Z
7lcq5mmvddwz2JUY7dNeSQ**,2021-10-15T11:31:02Z
7lcq5mmvddxZPfJ-6BuwZA**,2021-10-15T11:32:02Z
7lcq5mmvddwEriDHp_VA8Q**,2021-10-15T11:41:37Z
7lcq5mmvddwtL_lISc2JXw**,2021-10-15T11:44:16Z
7lcq5mmvddxrezD-HT7iLA**,2021-10-15T11:58:57Z
7lcq5mmvddy6eNHXKjYEfA**,2021-10-15T11:56:50Z
7lcq5mmvddwZd-TaeFvbjg**,2021-10-15T12:09:27Z
7lcq5mmvddzaKSF30ObKIg**,2021-10-15T12:23:10Z
7lcq5mmvddz0t9jW-TPp-Q**,2021-10-15T12:20:20Z
7lcq5mmvddyOvU1Kb9ME1w**,2021-10-15T12:39:30Z
7lcq5mmvddwLh8EwIz02pA**,2021-10-15T12:41:05Z
7lcq5mmvddz7TeI72CcENA**,2021-10-15T12:33:06Z
7lcq5mmvddzC6fI3tRDvCA**,2021-10-15T12:35:18Z
7lcq5mmvddwiQG2Xu64d9w**,2021-10-15T12:52:18Z
7lcq5mmvddz_pBP1pOwczQ**,2021-10-15T13:15:26Z
7lcq5mmvddwsfPxRixcQdw**,2021-10-15T13:21:39Z
7lcq5mmvddwdhhjdSjzDOQ**,2021-10-15T13:52:03Z
7lcq5mmvddzBQU5xActs4w**,2021-10-15T14:12:07Z
7lcq5mmvddwJYUvwes_Tsw**,2021-10-15T14:26:19Z
7lcq5mmvddxEBss4uUw7xg**,2021-10-15T14:43:26Z
7lcq5mmvddwmS26FfZaMfw**,2021-10-15T14:52:35Z
7lcq5mmvddycxApjx_Bepw**,2021-10-15T14:53:46Z
7lcq5mmvddyJ37_uNf4eNg**,2021-10-15T15:00:16Z
7lcq5mmvddwKZT-wUQ5kfw**,2021-10-15T15:04:43Z
7lcq5mmvddwgblmDpdJEig**,2021-10-15T15:19:59Z
7lcq5mmvddwBn5NlhqZatg**,2021-10-15T15:29:30Z
7lcq5mmvddykwByKu1eb7Q**,2021-10-15T15:40:39Z
7lcq5mmvddy3PvPKEeZHkA**,2021-10-15T15:40:06Z
7lcq5mmvddyumynwCHjjpA**,2021-10-15T15:49:25Z
7lcq5mmvddwWnEv9ukk_xg**,2021-10-15T15:51:58Z
7lcq5mmvddw0YWbi3Xvj9A**,2021-10-15T15:59:39Z
7lcq5mmvddxSsUd_cn6BBg**,2021-10-15T16:01:12Z
7lcq5mmvddx6XQ6aimBNag**,2021-10-15T16:10:55Z
7lcq5mmvddxpStbh1vm6rA**,2021-10-15T16:19:58Z
7lcq5mmvddyFs8BtCSe1og**,2021-10-15T16:21:58Z
7lcq5mmvddwwSN7EKoEw3Q**,2021-10-15T16:39:49Z
7lcq5mmvddydDVdjnXA7BQ**,2021-10-15T16:50:43Z
7lcq5mmvddwRkxDr3liYsg**,2021-10-15T17:03:20Z
7lcq5mmvddxI2G86iPSo-A**,2021-10-15T16:56:57Z
7lcq5mmvddzKxOwDYi97gg**,2021-10-15T16:53:54Z
7lcq5mmvddy53x_DF8SzMA**,2021-10-15T17:05:54Z
7lcq5mmvddz4JwKUy1UgTw**,2021-10-15T17:08:21Z
7lcq5mmvddxFhyh2rbZesg**,2021-10-15T17:22:43Z
7lcq5mmvddwaPtxHFaI7wg**,2021-10-15T17:11:33Z
7lcq5mmvddzHxIXi9eNIzw**,2021-10-15T17:21:02Z
7lcq5mmvddxJ4bEjyImuSQ**,2021-10-15T17:31:40Z
7lcq5mmvddwiuIgLf_g3Vw**,2021-10-15T17:35:26Z
7lcq5mmvddy13GFCfqan4w**,2021-10-15T17:36:28Z
7lcq5mmvddz9yB1T2SYmQA**,2021-10-15T17:45:16Z
7lcq5mmvddyyNeM2T_o3UQ**,2021-10-15T17:48:11Z
7lcq5mmvddySlHGH9fuykQ**,2021-10-15T17:50:24Z
7lcq5mmvddy4do7eKdeYdw**,2021-10-15T17:52:43Z
7lcq5mmvddxuR19Uv0kxRQ**,2021-10-15T19:24:33Z
7lcq5mmvddzobGr6R9YYzw**,2021-10-15T18:16:48Z
7lcq5mmvddwCTK3zCYxqtQ**,2021-10-15T18:18:39Z
7lcq5mmvddwjDILS83F_CA**,2021-10-15T18:21:52Z
7lcq5mmvddw09XZ7ObaG5w**,2021-10-15T18:31:09Z
7lcq5mmvddw2KzJqJkq74w**,2021-10-15T18:34:26Z
7lcq5mmvddxnNdFXo7WMbQ**,2021-10-15T18:57:23Z
7lcq5mmvddzOORVuFTuaOQ**,2021-10-15T18:50:19Z
7lcq5mmvddz-g3YUlvYjXg**,2021-10-15T18:52:11Z
7lcq5mmvddxYSJ8OTMHFEQ**,2021-10-15T18:58:34Z
7lcq5mmvddyR7-qB6FNOrA**,2021-10-15T19:02:07Z
7lcq5mmvddxCfanyi1IRDg**,2021-10-15T19:01:05Z
7lcq5mmvddz808XEn1-8Yg**,2021-10-15T18:57:03Z
7lcq5mmvddxSdGSdadsHAA**,2021-10-15T19:11:18Z
7lcq5mmvddz60EmvGqi_BQ**,2021-10-15T19:01:58Z
7lcq5mmvddzyGj_xUd0meg**,2021-10-15T19:15:01Z
7lcq5mmvddy4T4G5pNMzsw**,2021-10-15T19:25:14Z
7lcq5mmvddwSAGxMx88PoA**,2021-10-15T19:33:37Z
7lcq5mmvddz-3xinUoCNXw**,2021-10-15T19:32:41Z
7lcq5mmvddwXddP8O5tbCg**,2021-10-15T19:48:55Z
7lcq5mmvddykzNNZuCzEVA**,2021-10-15T19:46:55Z
7lcq5mmvddy1y10JuFzs_Q**,2021-10-15T19:46:57Z
7lcq5mmvddwhpQclWCIIrQ**,2021-10-15T19:55:43Z
7lcq5mmvddx8gHSQZjpVuQ**,2021-10-15T20:02:35Z
7lcq5mmvddyigde_nLedng**,2021-10-15T20:03:00Z
7lcq5mmvddyHCPormUDBTw**,2021-10-15T20:09:00Z
7lcq5mmvddxCcfK-fJoiCw**,2021-10-15T20:05:09Z
7lcq5mmvddy-JR-tNGKw8A**,2021-10-15T20:29:30Z
7lcq5mmvddySKtgfEb8YGQ**,2021-10-15T20:26:04Z
7lcq5mmvddyjg3Dp9yL2-w**,2021-10-15T20:29:24Z
7lcq5mmvddzbp1zyuPhwOQ**,2021-10-15T20:45:26Z
7lcq5mmvddx3LoRv2Ic5-w**,2021-10-15T20:41:22Z
7lcq5mmvddzwOqn9mc9V4g**,2021-10-15T20:59:49Z
7lcq5mmvddw0ldeZNI3EIA**,2021-10-15T21:08:34Z
7lcq5mmvddyTkCEiU_mjKw**,2021-10-15T21:43:41Z
7lcq5mmvddzUCOaL8QBm2g**,2021-10-15T21:57:29Z
7lcq5mmvddyJoNnsRpDa7A**,2021-10-15T22:16:09Z
7lcq5mmvddzyUVjUhwvJUw**,2021-10-15T21:49:39Z
7lcq5mmvddxUryz5Ud4hEA**,2021-10-15T22:08:33Z
7lcq5mmvddy2GKLvuz8_zw**,2021-10-15T22:11:55Z
7lcq5mmvddy-Z_CynJua9g**,2021-10-15T22:26:23Z
7lcq5mmvddzBfmRmnSc-7Q**,2021-10-15T22:22:54Z
7lcq5mmvddwpbnpWxmiM1w**,2021-10-15T22:23:55Z
7lcq5mmvddxDiKg6aV3yoA**,2021-10-15T23:36:36Z
7lcq5mmvddyYQFifD5V4Ig**,2021-10-15T23:57:45Z
7lcq5mmvddwr_K98f3YYUg**,2021-10-16T00:37:01Z
7lcq5mmvddxg9Vc-Zx3WFg**,2021-10-16T00:52:52Z
7lcq5mmvddwvXR3OaGrRSg**,2021-10-16T01:20:44Z
7lcq5mmvddwPC3xDiGGeHQ**,2021-10-16T01:08:25Z
7lcq5mmvddzF0iHbpYl-TQ**,2021-10-16T01:08:47Z
7lcq5mmvddxURXaWKilu7g**,2021-10-16T01:24:46Z
7lcq5mmvddzxQWGhDj_tyQ**,2021-10-16T01:26:32Z
7lcq5mmvddzOegxpaDgrgg**,2021-10-16T01:43:58Z
7lcq5mmvddzxJDqlKpE3ow**,2021-10-16T02:07:55Z
7lcq5mmvddxYHB4JInebDA**,2021-10-16T02:10:12Z
7lcq5mmvddzHh-XJU3E2xQ**,2021-10-16T02:18:44Z
7lcq5mmvddz_tnTSsn1sng**,2021-10-16T02:26:22Z
7lcq5mmvddwcO2Hn-g9CNw**,2021-10-16T02:42:54Z
7lcq5mmvddx0F37w9M7jCQ**,2021-10-16T03:00:26Z
7lcq5mmvddw0P5VywOoR2g**,2021-10-16T02:46:57Z
7lcq5mmvddzaABBAjHwRLQ**,2021-10-16T02:58:30Z
7lcq5mmvddxi3zhyqUZDeQ**,2021-10-16T02:52:53Z
7lcq5mmvddxSqq9tUoNMBA**,2021-10-16T02:56:30Z
7lcq5mmvddyK4BMTYb-aQA**,2021-10-16T04:52:51Z
7lcq5mmvddwt9PBOARHcWw**,2021-10-16T03:06:24Z
7lcq5mmvddw_un6L_UIA1A**,2021-10-16T03:14:41Z
7lcq5mmvddxVWr3aCfuryQ**,2021-10-16T03:19:04Z
7lcq5mmvddxPKpxkrNnLXQ**,2021-10-16T03:46:26Z
7lcq5mmvddx58U9fRbhZlQ**,2021-10-16T03:29:20Z
7lcq5mmvddyKyJFptE6hpA**,2021-10-16T03:39:55Z
7lcq5mmvddxF_3Xv9fW6TA**,2021-10-16T03:41:17Z
7lcq5mmvddx2TzPyD0bgXA**,2021-10-16T03:41:42Z
7lcq5mmvddzzRiXjWlll4Q**,2021-10-16T04:02:05Z
7lcq5mmvddwgUm28lA4JBQ**,2021-10-16T04:05:27Z
7lcq5mmvddyKdjQzP1pDfg**,2021-10-16T04:12:43Z
7lcq5mmvddxTyUdrspx-Zw**,2021-10-16T04:11:12Z
7lcq5mmvddwtBJX6rehfbA**,2021-10-16T04:12:26Z
7lcq5mmvddwyF5BhxWNNbg**,2021-10-16T04:15:53Z
7lcq5mmvddxwW6JzewCbSw**,2021-10-16T04:25:34Z
7lcq5mmvddyEzNHz_HKG5g**,2021-10-16T04:23:21Z
7lcq5mmvddwkLCFECJcKlw**,2021-10-16T04:32:20Z
7lcq5mmvddwOhNL1KPMYAQ**,2021-10-16T04:26:21Z
7lcq5mmvddzvx-HhKurh5Q**,2021-10-16T04:29:33Z
7lcq5mmvddylbdIrZxmjOQ**,2021-10-16T04:28:15Z
7lcq5mmvddxbZCi8a39jEQ**,2021-10-16T04:33:54Z
7lcq5mmvddz-46HghwDL9w**,2021-10-16T04:38:35Z
7lcq5mmvddzUk9rTnkPwXw**,2021-10-16T04:37:21Z
7lcq5mmvddwBz0wDupKsOQ**,2021-10-16T04:33:13Z
7lcq5mmvddx8IELMQ2jAXQ**,2021-10-16T04:36:16Z
7lcq5mmvddxehp1t0qdxAQ**,2021-10-16T04:43:44Z
7lcq5mmvddzcnwZNF3RmWQ**,2021-10-16T04:46:38Z
7lcq5mmvddzQFa9ym2zDUg**,2021-10-16T04:49:22Z
7lcq5mmvddzJoK7i0KEZ1w**,2021-10-16T04:47:10Z
7lcq5mmvddx1g-zdMCNbhg**,2021-10-16T04:54:16Z
7lcq5mmvddzkUM7i47ZfpA**,2021-10-16T04:53:38Z
7lcq5mmvddyCyo2eKjnosw**,2021-10-16T04:54:39Z
7lcq5mmvddycT-gunHZyPw**,2021-10-16T05:01:58Z
7lcq5mmvddxmsE6AZAj3Yg**,2021-10-16T05:03:47Z
7lcq5mmvddwX6_ODgGOGoA**,2021-10-16T05:06:32Z
7lcq5mmvddzUm5X3EoCSCw**,2021-10-16T05:10:32Z
7lcq5mmvddyhiUS9qMJ4xQ**,2021-10-16T05:17:39Z
7lcq5mmvddwQ2tq_mZspgg**,2021-10-16T05:13:31Z
7lcq5mmvddwSVpZ7p8HPrg**,2021-10-16T05:16:48Z
7lcq5mmvddxJxsErAU5GtA**,2021-10-16T05:20:46Z
7lcq5mmvddzHh7NEp4nUPw**,2021-10-16T05:19:20Z
7lcq5mmvddyQEIfeG60E_Q**,2021-10-16T05:24:13Z
7lcq5mmvddxGkUKviAoMdw**,2021-10-16T06:06:56Z
7lcq5mmvddx2u7apRj0nlw**,2021-10-16T06:30:20Z
7lcq5mmvddydyUEZusT15g**,2021-10-16T07:11:45Z
7lcq5mmvddx5GZniqzcNEw**,2021-10-16T07:20:47Z
7lcq5mmvddzwUxX34Yncdw**,2021-10-16T07:31:38Z
7lcq5mmvddzQCDwINclKBQ**,2021-10-16T07:37:42Z
7lcq5mmvddwORpoFVbftlA**,2021-10-16T07:43:22Z
7lcq5mmvddyrr1Zgwj60Qw**,2021-10-16T09:01:24Z
7lcq5mmvddx7KXn-ZZbTxg**,2021-10-16T09:17:13Z
7lcq5mmvddxE6IFXNrCrMg**,2021-10-16T09:33:16Z
7lcq5mmvddx7a6djEmxdqQ**,2021-10-16T09:28:29Z
7lcq5mmvddzjZx8jGDGjNQ**,2021-10-16T09:36:12Z
7lcq5mmvddwThd3kpz4wSQ**,2021-10-16T09:45:57Z
7lcq5mmvddyujkY3G-5YeQ**,2021-10-16T09:49:59Z
7lcq5mmvddxmn5ZEaTIyOg**,2021-10-16T09:52:04Z
7lcq5mmvddx2o9YUNNQh7w**,2021-10-16T09:57:22Z
7lcq5mmvddzcdjG0ItD93w**,2021-10-16T10:03:35Z
7lcq5mmvddzIpticu0Qzxg**,2021-10-16T10:10:24Z
7lcq5mmvddxkujeKMWmAFw**,2021-10-16T10:12:57Z
7lcq5mmvddzMaRQeATMFIA**,2021-10-16T10:21:02Z
7lcq5mmvddz9cyEZ6j_8eA**,2021-10-16T10:27:35Z
7lcq5mmvddxBDGzztJKFIQ**,2021-10-16T10:33:12Z
7lcq5mmvddyT6TuhqMW1AQ**,2021-10-16T10:32:28Z
7lcq5mmvddzkoRMRykO_Cg**,2021-10-16T10:44:13Z
7lcq5mmvddyw22Psco5wYA**,2021-10-16T10:42:18Z
7lcq5mmvddzjio3mveq4lQ**,2021-10-16T10:45:29Z
7lcq5mmvddxKOJ8Qbkjr3A**,2021-10-16T10:53:43Z
7lcq5mmvddwFw7AhGz3EGw**,2021-10-16T10:56:44Z
7lcq5mmvddyJQRtguqqVOw**,2021-10-16T11:04:21Z
7lcq5mmvddw29zqETnHsZA**,2021-10-16T11:03:33Z
7lcq5mmvddyZ38Z2zP9P2Q**,2021-10-16T11:10:28Z
7lcq5mmvddw2bGa5cqgT1Q**,2021-10-16T11:17:43Z
7lcq5mmvddzAmx_Tirtzwg**,2021-10-16T11:19:11Z
7lcq5mmvddyeY2VmgZ335w**,2021-10-16T11:21:16Z
7lcq5mmvddyoNdd-wfZWiQ**,2021-10-16T11:23:49Z
7lcq5mmvddzZJQ7r5VRQgQ**,2021-10-16T11:30:47Z
7lcq5mmvddxOzcQE0VGjvQ**,2021-10-16T11:30:19Z
7lcq5mmvddzxZe5Rg5GMMw**,2021-10-16T11:31:37Z
7lcq5mmvddzhJAfEOceF1g**,2021-10-16T11:33:46Z
7lcq5mmvddwgVO4vfzxu1Q**,2021-10-16T11:35:12Z
7lcq5mmvddzfBSDt1i59ew**,2021-10-16T11:43:14Z
7lcq5mmvddwmUC34_9mCeQ**,2021-10-16T11:44:11Z
7lcq5mmvddx5R-ZBCpYa8A**,2021-10-16T11:46:09Z
7lcq5mmvddxyt3UATlkMog**,2021-10-16T12:00:43Z
7lcq5mmvddyxvPbiMdJW-A**,2021-10-16T11:53:39Z
7lcq5mmvddwnsXfvo4LgBg**,2021-10-16T18:48:58Z
7lcq5mmvddxS8PD2dUc34g**,2021-10-16T18:51:52Z
7lcq5mmvddxBctsFFawIxw**,2021-10-16T19:07:22Z
7lcq5mmvddzgtpMp-y9M-g**,2021-10-16T19:06:18Z
7lcq5mmvddz2U9lCZntX3A**,2021-10-16T19:24:24Z
7lcq5mmvddxPYhypjpicxg**,2021-10-16T19:31:12Z
7lcq5mmvddxuETBm5YIyZQ**,2021-10-16T19:38:45Z
7lcq5mmvddyf0bA5rg-0NA**,2021-10-16T19:39:11Z
7lcq5mmvddz-TwOdhER67Q**,2021-10-16T19:57:39Z
7lcq5mmvddzLnG9BA4hZeg**,2021-10-16T20:04:10Z
7lcq5mmvddzN7dl0yA4dCQ**,2021-10-16T20:08:05Z
7lcq5mmvddyXOFrdzpA0kA**,2021-10-16T20:17:21Z
7lcq5mmvddzn7knBwkaQzQ**,2021-10-16T20:23:26Z
7lcq5mmvddyuxU0ejahvJg**,2021-10-16T20:55:51Z
7lcq5mmvddyOCFfeie6aFg**,2021-10-16T20:48:44Z
7lcq5mmvddxWSUEXJa2q_w**,2021-10-16T20:51:59Z
7lcq5mmvddyTxHFwaVKVlg**,2021-10-16T21:06:32Z
7lcq5mmvddzRJljKyZlbvw**,2021-10-16T21:10:30Z
7lcq5mmvddxh3cMZgijenw**,2021-10-16T21:25:05Z
7lcq5mmvddwPgKP1OYslkw**,2021-10-16T21:52:01Z
7lcq5mmvddzW7p3Z7C_1Hg**,2021-10-16T21:34:56Z
7lcq5mmvddw3Hj7lN8EUxw**,2021-10-16T21:44:06Z
7lcq5mmvddz3Fj3PyZTEWQ**,2021-10-16T21:46:12Z
7lcq5mmvddwQPLZFcVzgCw**,2021-10-16T21:49:12Z
7lcq5mmvddy-XCY6mdxPkw**,2021-10-16T21:56:20Z
7lcq5mmvddyxe9Zgiq-2sg**,2021-10-16T22:01:22Z
7lcq5mmvddy8T5lEXQZFQA**,2021-10-16T21:59:50Z
7lcq5mmvddx1LqsE54aOcQ**,2021-10-16T22:59:54Z
7lcq5mmvddxspkng4tN1RA**,2021-10-16T22:56:02Z
7lcq5mmvddyI9XhAVgx2Cg**,2021-10-16T22:55:23Z
7lcq5mmvddwY72kvLUAchw**,2021-10-16T22:57:16Z
7lcq5mmvddyB4wxhy6JEaw**,2021-10-16T23:11:27Z
7lcq5mmvddxEZYO11Hvo7w**,2021-10-16T23:08:42Z
7lcq5mmvddxD0C14lDxjrg**,2021-10-16T23:14:38Z
7lcq5mmvddyhkNx8TVJcPg**,2021-10-16T23:22:39Z
7lcq5mmvddyJBJiAd2gmCg**,2021-10-16T23:23:47Z
7lcq5mmvddyG6JYv4mV9Tg**,2021-10-16T23:50:27Z
7lcq5mmvddyH5h7LSRo4cQ**,2021-10-16T23:35:22Z
7lcq5mmvddwnhBvrRTC_3w**,2021-10-16T23:37:54Z
7lcq5mmvddxD2gv_fvDWig**,2021-10-16T23:43:22Z
7lcq5mmvddyq3QSF0eS1PQ**,2021-10-16T23:47:51Z
7lcq5mmvddxefVwzLRqVOQ**,2021-10-16T23:54:14Z
7lcq5mmvddy9GWTjTyuSaQ**,2021-10-16T23:58:50Z
7lcq5mmvddwFDT7NQz95Kg**,2021-10-17T00:06:03Z
7lcq5mmvddxgPNL1_6O3YA**,2021-10-17T00:04:55Z
7lcq5mmvddwqFZkyLuueSw**,2021-10-17T00:12:30Z
7lcq5mmvddwMhkW7ubwzhg**,2021-10-17T00:22:14Z
7lcq5mmvddy0JuXQl-nK6A**,2021-10-17T00:23:37Z
7lcq5mmvddx29ZC_KARLUA**,2021-10-17T00:32:49Z
7lcq5mmvddxnI_CSNo0_9g**,2021-10-17T00:42:19Z
7lcq5mmvddxTeNP-SXkPTg**,2021-10-17T00:37:23Z
7lcq5mmvddyaW4JUOTfbWg**,2021-10-17T00:47:09Z
7lcq5mmvddxzKpAKeZqYIw**,2021-10-17T01:59:14Z
7lcq5mmvddyj25ChvP2a_Q**,2021-10-17T01:03:27Z
7lcq5mmvddz-jm92HO1qNQ**,2021-10-17T15:25:19Z
7lcq5mmvddyDKS5glTV-0Q**,2021-10-17T01:06:14Z
7lcq5mmvddwuGbj0i_peaQ**,2021-10-17T01:07:05Z
7lcq5mmvddzXvmeO8UKzNQ**,2021-10-17T01:08:13Z
7lcq5mmvddzH-ZdKqc6M0g**,2021-10-17T01:26:08Z
7lcq5mmvddxgczQM_53ttA**,2021-10-17T01:21:55Z
7lcq5mmvddzSomeeHPzaOQ**,2021-10-17T01:32:20Z
7lcq5mmvddwzs2wWAn3a7w**,2021-10-17T01:32:05Z
7lcq5mmvddxg6gfvqNkx5A**,2021-10-17T01:45:59Z
7lcq5mmvddzgEJkhylCdRA**,2021-10-17T01:32:30Z
7lcq5mmvddwb_32EdaABiA**,2021-10-17T01:40:05Z
7lcq5mmvddyIYkpBzfGwVQ**,2021-10-17T01:42:46Z
7lcq5mmvddyOZax64yPlPA**,2021-10-17T01:56:51Z
7lcq5mmvddyFbwTNYc1qZw**,2021-10-17T01:46:20Z
7lcq5mmvddw9Q__mzI4JgQ**,2021-10-17T01:46:56Z
7lcq5mmvddz9tEkLpc9uLg**,2021-10-17T01:51:01Z
7lcq5mmvddyVd_D3r29onA**,2021-10-17T01:53:20Z
7lcq5mmvddwAxOjphG6gaA**,2021-10-17T02:00:01Z
7lcq5mmvddwX06ZennxRfA**,2021-10-17T01:53:05Z
7lcq5mmvddzKWS5eN41Acw**,2021-10-17T02:06:44Z
7lcq5mmvddx40M-Hw6t0Uw**,2021-10-17T01:58:33Z
7lcq5mmvddyeqJRtWodjuA**,2021-10-17T02:10:33Z
7lcq5mmvddyo2L3rJbbWEg**,2021-10-17T02:09:16Z
7lcq5mmvddwndNj2Fx-meg**,2021-10-17T02:15:53Z
7lcq5mmvddwJX40aKMz2FQ**,2021-10-17T02:11:53Z
7lcq5mmvddzWXNb_lG5-7w**,2021-10-17T02:19:45Z
7lcq5mmvddzTTIaKkmQ15g**,2021-10-17T02:30:23Z
7lcq5mmvddw1xwTZ-Z231g**,2021-10-17T02:27:55Z
7lcq5mmvddyLOpOv-LxmNA**,2021-10-17T02:29:35Z
